,user_id
0,scalefreeus
1,kimcoding
2,rkwhrcjsaud
3,wwiiiii
4,bunker12383
5,cloyster
6,grands
7,wogudwkd12
8,hihimollu
9,kkw564
10,mario34
11,ujoon
12,kss418
13,namhong2001
14,rb3krn
15,valera_grinenko
16,akwk777
17,sinphi01
18,yunnina01
19,ness9917
20,wkd1685
21,yumk0717
22,saycorn
23,sb3991
24,shyram
25,dnj000920
26,kjykju7457
27,csehydrogen
28,davidkim0
29,doraemon0903
30,insuhkim
31,jjaewon
32,ckdgus2482
33,hjhj97
34,kij0909
35,q540jh
36,yt7good
37,dlstj0923
38,drcotr0623
39,itinbangk
40,jangzzang
41,judge0001
42,rrtrrt02
43,anbj1004
44,armyantking
45,bcc0830
46,dayo05
47,dhlee1031
48,gktgnjftm
49,l1ardanc3
50,dlwocks1209
51,julysky
52,tonystar0420
53,ace913
54,cmk5187
55,furthermares
56,holenet
57,minpro0818
58,yjwr0528
59,dlbae9613
60,dodobow
61,eric0417
62,kpeel5839
63,minpaper
64,river_mseok
65,vladithur
66,your0501
67,dongu0124
68,rudalsd
69,gauss148
70,gmtmoney2357
71,jerry3972
72,justinwk
73,siwoo10804_a
74,cubic
75,setsuna
76,firacode
77,gaelim
78,hschoi1104
79,kimkh7534
80,lcy960729
81,ontael333
82,aiden1927
83,dmj2004
84,ez_code
85,kimgat16
86,tktj12
87,whites0701
88,codingstarfish
89,devruby
90,extra1563
91,jh280722
92,mastojun
93,qverck
94,brighthonor
95,eric2057
96,go203302
97,ioskya
98,ramic
99,a1benjamin
100,dygmm4288
101,gusdn0657
102,melonasona
103,wkd48632
104,ak3243
105,bigwave100
106,jwpee
107,kevin35kevin
108,sjpuma
109,sogur928
110,windseed71
111,won001214
112,areian13
113,dlrbduf1346
114,fashion
115,gyuho965
116,hyeseungmoon
117,mame
118,persica
119,sosoo
120,tjdahr25
121,cloud7412
122,dlehgns011
123,noel7781
124,playscer
125,ensia96
126,jyou717
127,7942jun
128,kangkh0906
129,lsj030329
130,sonjt00
131,sustkadl
132,9114jin
133,aung
134,greimul
135,iriszero
136,mircom2002
137,qazxcv6090
138,stlee
139,fqqwet
140,kyujeong
141,peisea0830
142,scala0114
143,scsc3204
144,d329days
145,doodle0
146,jh0956
147,john0513
148,juheon727
149,qhcjfdudn
150,dddddd_1234
151,dimension
152,dnpdhd
153,hoonsunglee88
154,meanjung
155,plan_pt
156,popoli31
157,p_a_r_k_j_u_n_e
158,yuyu6888
159,zkvnf23
160,albertruaz
161,geegee
162,ghghgh777
163,hando1220
164,isvara
165,jig7357
166,ljoghe
167,owell
168,sumin
169,130bb56
170,dlwndms2544
171,greenavocado
172,hui051875
173,ilbul2
174,jwkapple
175,k0s3y0
176,kmsmsms0514
177,love4rg
178,qkrwlgus5832
179,qnsghd9999
180,seilk
181,sjlee0218
182,zerdiss
183,champiuned12
184,creeperss85
185,ctwc55
186,gunsong2
187,gustjwkd1007
188,iks15174
189,iskang5532
190,kjh8673a
191,nsc_777
192,sehy1209
193,shakramon
194,skydreamer21
195,songjc411
196,wlwhsdodhd
197,zad1264
198,choko100
199,cool1259
200,kangbk4188
201,kawaiibbit
202,kjmin2000
203,kkb9908
204,kobeomseok95
205,masterpug99
206,minrud212
207,peterdo09
208,prefer2
209,realbrother98
210,seungho_lee
211,shinerbot
212,shj8908
213,sooy30
214,terec
215,tjdgus3537
216,tngtied
217,toothless1818
218,vhxpffltm
219,whqtkf12
220,yatapjangmi
221,yllh325
222,baxter
223,bds193
224,bezzi1654
225,das02115
226,fermat001
227,hs6113wj
228,hsh5206
229,hyungmin96
230,infinity85385846
231,iqeq126
232,jgm0327
233,kevin622
234,kkh1535
235,lemonajoc
236,noaenix
237,rnqhstmd3103
238,wewqwew153
239,wnsgml7267
240,znxkznxk1030
241,1ilsang
242,bmtoss
243,dktkaemfl12
244,eeeuns
245,ehdbs41325
246,grolar812
247,jina1206
248,jungsik328
249,kdd0419
250,silverfeather
251,skm04614
252,sksj0111
253,smy37
254,t21212
255,yhw79
256,azureblue
257,ba4ws
258,bazzi2548
259,catbirdseat
260,cws0188
261,dhmin5693
262,doublejk96
263,expfunsce
264,foreat13
265,gyeolse
266,happypotter
267,hsk2454
268,ironhee8005
269,jek9412
270,jms020524
271,jongjinge
272,karcho
273,kcj1607
274,kevinsungcjh
275,koozzi
276,korno1
277,kva231
278,lactea94
279,leejk118
280,lhglbkksj
281,pmis118
282,qip0518
283,rkddlsgur983
284,rlat302
285,runps
286,seohyun319
287,shp9408
288,soulment1807
289,tkfdkskarl56
290,wngh1698
291,xogh0175
292,ysy093609
293,aght0303
294,beenang00
295,bong_u
296,cjfrn0443
297,dev0
298,dkssud7662
299,dlwogns6818
300,rotti_kim
301,sonemelody
302,summerluna
303,sy1909
304,vkeo3134
305,vmaldtlfj
306,wychis28
307,yhspace33
308,yunju
309,asas000011
310,bakeproduct
311,bonoky
312,csj6172
313,dbs11
314,ddongpig
315,dhrudgns529
316,dwywdo
317,gibaek20111102
318,helmsman
319,hightuv
320,hpwh4457
321,jun903
322,kenew
323,kisu9454
324,kjath100
325,likescape
326,mjy3966
327,moon910904
328,osungkn
329,primejin
330,rhksghsss
331,rimeilo324
332,samsung_poi2507
333,superego0706
334,tngud124
335,whdwls2123
336,wjh2012
337,yechan2468
338,yknx
339,yoonc01
340,youbellgun
341,yunjingong12
342,2_say
343,424tjdwns
344,alsrjs2516
345,april2nd
346,channelsucre
347,cjdrn0208
348,dg6001
349,dkwkd36
350,ssoxong
351,sun803
352,taegyu1500
353,thiago
354,tjdals1668
355,tldjfj123
356,vics8246
357,wndks6450
358,wodbs135
359,yeopwin
360,youlive
361,yyj0110
362,znfmxmrhlepf
363,240coding
364,8993jin
365,allice1010
366,alwayscoding
367,bbasung
368,billy_oh
369,chy1995
370,cong2738
371,davedave
372,devjun10
373,donghoon099
374,dpalstn77
375,eknow25
376,frankwon11
377,ghqls0702
378,goosmos
379,hhy5361
380,hjames2000
381,hy30n80
382,jji4449
383,jungjimin424
384,khj3265
385,khw5218
386,kk2482
387,kkcchh9999
388,kyu3638
389,liamko
390,lmhfox3573
391,louis2006
392,lovely2270
393,lsh1154
394,meatsby
395,menten4859
396,minh14
397,minseo0421
398,mintminju130
399,mmch3211
400,dmk4660
401,dohyun96305
402,eunj414
403,hardworkingini
404,hjhj6411
405,hssh
406,hsw08
407,jeahyun_jeahyun
408,julian3306
409,jylee7665
410,k6186
411,kdg5188
412,korhoonie
413,koyk005
414,lemontime
415,lgj125
416,lynn917
417,milkymhun
418,myrtenasterwillow
419,octanec8h18
420,paengjiwony
421,pleper
422,ppappap
423,puyol
424,rimingg_owo
425,rjk159
426,rnwkdbs123
427,seg7577
428,seungbye
429,shcho1904
430,skwx50000
431,slpdavid
432,sms5734
433,sohyeon9253
434,somefakes
435,starineast
436,tjwltjr69
437,wellsohn
438,whj0623
439,whwntjd111
440,wishin
441,wjddms3080
442,wltnlog271
443,younh1002
444,437travel
445,9_nyuong
446,aassdd38
447,adby0211
448,ahflrkd3468
449,aszx7009
450,nohty0404
451,none_31d
452,och9854
453,okps123
454,rlatnrud9820
455,sanada09
456,slrkanjsep
457,sobokii
458,soyeong_jang
459,sum9004
460,todolist
461,tortor1403
462,tory513
463,uplay_98
464,waawuu30105
465,whdgns0681
466,wlsdyd0930
467,akf1818
468,arnold1998
469,asdf123ggg
470,bigluck07
471,bigsalt
472,birdskystar
473,ck0502
474,clyde0813
475,donghalim7
476,fortune
477,ghh357
478,gh_yoon93
479,ho991217
480,honee8583
481,ifpffk
482,jewoo2963
483,jihyeon3560
484,jmw0851
485,kangthlife
486,kgw012
487,kmkmartin06
488,lee_hj
489,lemonade2216
490,limj1213
491,lstork48
492,men7627
493,parkhr
494,pillow123
495,rmsry123
496,shun1119
497,sjsqldtls
498,sumi920
499,rlawlgus192
500,ryanchoi
501,sam09271
502,sgtsoap
503,silent97
504,sion9262
505,siotman0728
506,sueeun1234
507,taetea1
508,taeyoon0305
509,thakd628
510,tltydl2
511,wlskrla7
512,wnstjr120422
513,wook605
514,yuhaegyun
515,0110tpwls
516,1chlee1
517,2eejehoon
518,7ngenious
519,algoishard
520,alsgur2726
521,anfdjqkd
522,answlsgus
523,bok07111
524,chamsae02
525,chhun23
526,cho1su
527,choeun1999
528,chso1324
529,cute700
530,dh03
531,dltjdrud5
532,dlwotmd0724
533,doccik1118
534,dudrhkd7811
535,eunchae619
536,henr0820
537,hong0034
538,hoonism
539,ironray3210
540,jigyu12
541,jihun252
542,jinsukuku
543,joyhunt
544,jurr123
545,kimjiho1125
546,kimty1121
547,kise912
548,kkokkurug
549,tjdehdgks7
550,tlgus1219
551,tlsdbwls96
552,whdals9265
553,wlgpdnjs8873
554,woori_dec
555,yanagi3yc
556,yejin9989
557,yenn23
558,young0410
559,ag01
560,asjk156
561,baayoo71
562,bcw4045
563,chang9us
564,chet_jin
565,cpractice
566,dev_doha
567,dlem5133
568,ds10jtr
569,endgame2003
570,eunhye_3
571,forybh
572,ga000
573,go891017
574,goomin
575,heojin1005
576,hifriend333
577,hj030712
578,hoyaen441
579,hunseol03
580,jnwooo
581,journeytodeath
582,junjun9701
583,juyeoney
584,jwh126
585,kali0705linux
586,kathyl22
587,kbs130302
588,kgy9965
589,kimjiseong613
590,kong0512
591,leeyj1007987
592,ltekean
593,min1028004
594,noooeyadoooy
595,raspberry6523
596,rlawoals0217
597,rmaqlcthdnf
598,rnjsdkwls123
599,emily1209
600,eunho0650
601,ggw1999
602,gmk234
603,goldfrosch
604,greatnoahl
605,gsjh2001
606,gusdn0217
607,hankgood95
608,hankookin
609,hhj04021
610,hikimrin
611,hjleekb
612,howareyoui
613,howtoforgetiu
614,huims21
615,hy031225
616,hyeon0697
617,hyeonju0121
618,inho93
619,jaehyun_jeong
620,jjy12345
621,joon2730
622,jump6746
623,jyk950105
624,karle9412
625,kgh30312
626,kickback
627,kimpokbr
628,ky107601
629,matthewryu
630,miuchatte
631,mongsil3757
632,namu9655
633,nayeon1031
634,negee
635,nexen13
636,nh_d4
637,ojune575
638,pe_pizza
639,profitjean
640,rbbokkie
641,rubychoi47
642,sb02096
643,sea789456123
644,siko
645,siwankim
646,sjssn9
647,skdn4879
648,dkssud205
649,dkstmdwns3
650,ehdwo1227
651,eotn000
652,escape_anaemia
653,gmail159357
654,greeni0980
655,grraaace
656,hairhold
657,hajinjang0714
658,hanstar07
659,hello040427
660,highpath
661,hse110025
662,hwj0609
663,jasonrjy
664,jeong7521
665,jh1011
666,jleel712
667,juneyr_dev
668,jupiter0412
669,jyhurs
670,kces0822
671,khak98
672,ki270023730
673,kimghem
674,kimsh2008
675,kimsj7597
676,kingjun
677,kkamar
678,kkamiunnie
679,kny2383
680,lastof0015
681,leehg57
682,ljy9350
683,luvurself
684,lwr0221716
685,lykee2000
686,lys1978000
687,mangmang0221
688,maosadao
689,meo4739
690,min0115b
691,minecrafter
692,minjoo9903
693,minjoon080818
694,mkczzz
695,mondo
696,nancy95
697,nn00
698,ai1
699,akdhwkd13
700,alwkd0101
701,angel0221ok
702,ans8713
703,avocadobanana
704,bc4321
705,bill11
706,bm3026
707,butterflynif
708,chanju0716
709,cltksid1415
710,collodi
711,cys8482
712,da8411
713,daecoolnoc_python
714,ddu1234
715,dev_hanju
716,dev_joy
717,dirma
718,dldjdtjr
719,dltmdxo1589
720,dmdkdmdkdkdk
721,dmstj9476
722,drunkkeen
723,dsrla
724,dwsong07
725,ehddjs97
726,ekthf2013
727,everdudtn
728,ewopa
729,fionela
730,fwh1258
731,gmvolt
732,griiim134
733,guminb
734,gustjr2457
735,halcyon107
736,hanmyeongil
737,hanulcom7
738,harmsake7197
739,harrycho1492
740,hooni030
741,hoya9802
742,hsk9589
743,hwawon
744,hwi2337
745,iloveyou
746,jbs1908
747,jdcksdud
748,confusion1121
749,cshyn
750,db7734
751,denshol
752,dhqntlrp
753,diffngood
754,diqksk
755,dkxmrhe1
756,dlarudwls123
757,dlbal18
758,dldmlals977
759,dlgur9612
760,dnjsrud529
761,dnjstjdus625
762,dohyune21
763,dongyoung0912
764,dotseven57
765,dwg24
766,eajeeh
767,ehdud326
768,ekxkso135
769,epsilon_delta
770,esther7832
771,eunseogo20
772,excel2001
773,foxcub1996
774,geniuskey
775,ggoma6245
776,gurdl7011
777,h10430
778,hakmin1015
779,hallu0317
780,hatsal35
781,hdh4300
782,hhg3269
783,hhkwon2001
784,hjmoon001
785,htr0102
786,hyoung1228
787,hyunbrilliant
788,ihyeonho11
789,imonizryu
790,ionis5625
791,jeong_bin
792,jhjhj0516
793,jisk0228
794,jiyeonjeon01
795,jl69434
796,jonje
797,joon6924
798,lthek55
799,lwc010420
800,mablic15
801,mango4815
802,matthewson
803,mayday1001
804,mirae0831
805,namse7979
806,nayeon0229
807,nhs5597
808,ollo2010
809,ouo29571
810,pajang1515
811,pasaju00
812,pch050706
813,phee1682
814,philip314
815,pimentk
816,plzplzz
817,pshj0716
818,qkatjfl
819,raquia
820,red33a
821,rhantj
822,rinapark19
823,rjsgud1956
824,rlarlarla
825,rlathwjd2363
826,rlaxo0511
827,rlfdkwjtl
828,rosinante19
829,scy7143
830,selffish234
831,seri2829
832,seung0122
833,seyeonbb
834,shiningmin030
835,shyeon5895_j
836,skk0725
837,skskdlsk12
838,smsmeee
839,solbot
840,splendent7
841,sthentic
842,study_jung
843,sungjoo0729
844,surin0714
845,swo6823
846,syeon1250
847,sysmile77
848,mykri15
849,nagunwoo
850,nams5759
851,narutost45
852,nasa3511
853,nature2e2
854,nayun3454
855,neccount
856,netjin9
857,nexus_gh
858,nhc7502
859,niceguy718
860,oceandropthealbum
861,octduck
862,ohkwang1234
863,ohpongna
864,ojc150
865,olimpic123
866,onezi
867,oso001223
868,ouibonn
869,ovclovc6530
870,ozingmw
871,pawer3792
872,pkh09217
873,polda
874,ppizzaa
875,pputtymin
876,pythonmonkey
877,qpfmzl1234
878,qpqp6463
879,qqww212
880,quarara01
881,qut1526
882,qwlasd
883,ralliho
884,rbwlsdl98
885,rc4216817
886,rex0109
887,rkfka259
888,rlaruddk1020
889,rlarudwo777
890,rnjs37gus
891,roh051216
892,rootpi
893,rudolph0529
894,ryusangwan12
895,s2lolpp1
896,s7118445
897,s882902
898,jaejae8083
899,jaemin0502
900,jangmi0506
901,jeakgok
902,jeon02260226
903,jinakim
904,jkh1996
905,johnvr
906,joy4670
907,jyj1103
908,k01676
909,kakao7741
910,karvis
911,kgsu528
912,khitmin
913,khs020411
914,khs61254
915,kimajin0615
916,kimgw8879
917,kjh041216
918,kjh5717727
919,kjheon2670
920,kkokal
921,knh6393
922,koey2182
923,koj5695
924,kongverlaeit
925,koo1994
926,kooch28
927,koon120
928,kukim
929,ky3055
930,leejs
931,lej0801
932,lifethrills
933,livemate
934,ljmin0131
935,loodol99
936,lwh0907
937,mango545
938,mesolredo
939,minemine0961
940,minseo1039
941,mintblue00
942,mirto9797
943,mis05041
944,mobidick
945,momounni
946,moonjb11
947,muj8417
948,hyun9443l
949,hyunda2
950,iamnewbie
951,ishs311403
952,itsuka_kotori
953,j123
954,jaemjung
955,jeanwo247
956,jeb731
957,jeff101
958,jeffkm
959,jenny5587
960,jeonjun47
961,jh5790
962,jhkimlego
963,jhl0304118
964,jhlee11
965,jhmin9414
966,jhnoh99
967,jht5490
968,jihwan050220
969,jiji9428
970,jiwoo1030
971,jklee1827
972,jmjcode5400
973,jojo507
974,jooni94610
975,joonsoon65
976,jsontype
977,juji500
978,jung1104
979,junhp1234
980,juny1905
981,juyeon98p
982,jw000526
983,jy1737
984,jyeonn1222
985,j_do0ori_h
986,kang_heewon
987,kano1234
988,kdk8672
989,kdwkmj9677
990,keliphy
991,kevin6796
992,khg010122
993,khkh0130
994,kimhakhoon
995,kimminja
996,dozu4096
997,dptcldpa
998,dpwls8364
999,dracol
1000,dragon011208
1001,dragon6
1002,dragons0up
1003,dream1356
1004,duscks8632
1005,dwfdon
1006,dyddn30612
1007,dydvkf5691
1008,dyn0718
1009,edcrfvtgb
1010,ee486ee
1011,efawefwa
1012,efef0515
1013,ehddlf7130
1014,elecbug
1015,electropark917
1016,ellasohn
1017,elvinys33
1018,elwlsdl1
1019,emforce77
1020,emilyseong
1021,eminency
1022,enkto0513
1023,epoke03
1024,eponine99
1025,eric5350
1026,eundms
1027,family5245
1028,fb901
1029,flame123
1030,flat_peach_podo
1031,foxrain87
1032,fromnothing1
1033,fulljuyean
1034,funboard
1035,function_hola_b
1036,gamezini1616
1037,garam3k
1038,ga_hyun01
1039,genkhan1
1040,geonco
1041,ghdaudrl98
1042,ghj3kl3
1043,ghkdtjsk
1044,ghksl4140
1045,ghkwjd2011
