course_id,author,course_name,course_name_main
1152,baekjoon,삼성 SW 역량 테스트 기출 문제,-
4349,redbin0471,단기간 성장,-
4357,danimartinwife,★직접 코테 광탈하면서 모은 문제들☆,-
459,automata,Python 배우기 (1~50),-
2771,baekjoon,삼성 A형 기출 문제,-
2305,jh05013,"Hi, so to me seems like a notorious coincidence.",-
8708,ses9928,IT기업 및 대기업 계열사 코테보면서 비슷했던 문제들(지속적으로 업데이트 중),-
1983,njw1204,DFS+BFS 필수 문제,-
2418,ryute,BOJ 길라잡이 베타 (1),-
4380,park780172,"코딩 테스트 완전 정복 - Greedy(그리디), 탐욕 필수 문제",-
1999,jh05013,구현의 왕,-
2163,kks227,역대 DP 연습셋 기출문제,-
7313,BaaaaaaaaaaarkingDog,0x09강 - BFS,-
7319,BaaaaaaaaaaarkingDog,0x10강 - 다이나믹 프로그래밍,-
140,yukariko,초등학교를 졸업하자 - KOI편,-
7316,BaaaaaaaaaaarkingDog,0x0D강 - 시뮬레이션,-
568,automata,C++ 배우기 (101~150),-
1939,koosaga,IOI 국가대표가 되는 방법,-
2032,jaehoo1,왕초보,-
567,automata,C++ 배우기 (51~100),-
2812,koosaga,Connection Profile DP,-
2063,lcs11244,SW역량테스트 준비,-
7320,BaaaaaaaaaaarkingDog,0x11강 - 그리디,-
388,koosaga,Just For Fun,-
2047,trytty,대학생 기본반,-
2145,koosaga,재밌는 그리디,-
4823,jh05013,"Hi, so to me seems like a notorious coincidence. 2",-
1023,koosaga,Challenge for IOI,-
7315,BaaaaaaaaaaarkingDog,0x0C강 - 백트래킹,-
2033,jaehoo1,초보,-
7309,BaaaaaaaaaaarkingDog,0x05강 - 스택,-
4658,rkm0959,수학 연습용 문제들 - 플레 이하,-
2419,ryute,BOJ 길라잡이 베타 (2),-
460,automata,Python 배우기 (51~100),-
824,koosaga,FFT,-
569,automata,C++ 배우기 (151~200),-
882,koosaga,Dinic / Hopcroft-Karp,-
8400,BaaaaaaaaaaarkingDog,0x13강 - 이분탐색,-
8709,BaaaaaaaaaaarkingDog,0x14강 - 투 포인터,-
912,koosaga,Segtrees are too mainstream,-
9063,BaaaaaaaaaaarkingDog,0x15강 - 해시,-
4301,jh05013,동적 계획법을 최적화하는 9가지 방법,-
2328,koosaga,dynamic connectivity,-
1587,koosaga,Divide and Conquer Optimization,-
1984,njw1204,DP 필수 문제,-
1068,koosaga,귀여운 선인장,-
8174,BaaaaaaaaaaarkingDog,0x12강 - 수학,-
7306,BaaaaaaaaaaarkingDog,0x02강 - 기초 코드 작성 요령 II,-
9562,BaaaaaaaaaaarkingDog,0x18강 - 그래프,-
7311,BaaaaaaaaaaarkingDog,0x07강 - 덱,-
7318,BaaaaaaaaaaarkingDog,0x0F강 - 정렬 II,-
7314,BaaaaaaaaaaarkingDog,0x0B강 - 재귀,-
9657,BaaaaaaaaaaarkingDog,0x19강 - 트리,-
4804,jhnah917,재밌는 문제들 - 다이아,-
7307,BaaaaaaaaaaarkingDog,0x03강 - 배열,-
4378,cozyyg,어 셈 블 리,-
2329,koosaga,dynamic MST,-
2144,koosaga,Berlekamp-Massey,-
9,baekjoon,"팰린드롬 - Easy, Medium",-
9346,BaaaaaaaaaaarkingDog,0x16강 - 이진 검색 트리,-
2146,alex9801,Mr. Burnside and Mr. Pólya,-
7312,BaaaaaaaaaaarkingDog,0x08강 - 스택의 활용(수식의 괄호 쌍),-
7308,BaaaaaaaaaaarkingDog,0x04강 - 연결 리스트,-
1833,c3171700,"DFS, BFS 추천문제",-
2744,jh05013,월드 파이널 꿀문제,-
6040,queued_q,추천받은 문제,-
461,automata,Python 배우기 (101~150),-
617,automata,C++ 배우기 (351~400),-
6953,tlsdydaud1,아이디어로 푸는 문제,-
2176,jh05013,페트로자보스크 캠프 꿀문제,-
7317,BaaaaaaaaaaarkingDog,0x0E강 - 정렬 I,-
9502,BaaaaaaaaaaarkingDog,0x17강 - 우선순위 큐,-
4576,pentagon03,"KOI 고등 1,2번 ",-
3610,jh05013,Bulldozer,-
7310,BaaaaaaaaaaarkingDog,0x06강 - 큐,-
9738,BaaaaaaaaaaarkingDog,0x1A강 - 위상 정렬,-
4017,jh05013,분할정복으로 푸는 넓은 2차원 쿼리,-
570,automata,C++ 배우기 (201~250),-
8905,jh05013,"Hi, so to me seems like a notorious coincidence. 3",-
4382,queued_q,Looking for a Challenge?,-
9907,BaaaaaaaaaaarkingDog,0x1B강 - 최소 신장 트리,-
571,automata,C++ 배우기 (251~300),-
6783,tony9402,구현 (수정 : 2021-05-06),-
6594,rkm0959,"PS 정수론 가이드 - 유클리드, 확장 유클리드",-
2054,koosaga,국제 수학 올림피아드,-
4912,conankun,프로그래밍 콘테스트 챌린징 책에 나오는 문제들,-
965,cokcjswo,기억 해둘만한 DP,-
6082,xcrypt0r,♥ 정규식은 사랑입니다 ♥,-
2152,moonrabbit2,트리에서 큰거작은거,-
10433,BaaaaaaaaaaarkingDog,0x1D강 - 다익스트라 알고리즘,-
3471,koosaga,Voronoi Diagram,-
2782,shiftpsh,🥇 19-S Sogang ACM-ICPC Team Application (Gold),-
6593,rkm0959,PS 정수론 가이드 - 기본기 잡기,-
637,automata,C++ 배우기 (401~450),-
2435,njw1204,백준에서 가장 많이 풀린 문제 TOP 100 (입문자 추천),-
598,automata,C++ 배우기 (301~350),-
10318,BaaaaaaaaaaarkingDog,0x1C강 - 플로이드 알고리즘,-
7676,jh05013,내가 푼 추천 문제 (Diamond+),-
7271,tony9402,완전탐색 (수정 : 2021-05-06),-
8646,djs100201,문제 해결 능력 기르기,-
2084,koosaga,기회의 땅 폴란드,-
68,myungwoo,"Bipartite Matching, Maximum Flow",-
230,portableangel,미로왕,-
5116,cgiosy,Segment Tree Beats,-
4273,functionx,Slope Trick,-
4344,zagabi,자가비의 추천문제#1,-
5043,jh05013,Range update point query,-
11850,qwerasdfzxcl,2022 국대교육 2주차,-
11775,qwerasdfzxcl,2022 국대교육 1주차,-
1641,rkm0959,수학 연습용 문제들 - 다이아 이상,-
726,kks227,대학교 수업을 듣다보면 왠지 모르게 풀고 싶어지는 문제들 (1),-
10475,bc1916,"SW마에스트로 12기 지원대비 문제풀이 (1,2차)",-
2048,trytty,대학생 심화반,-
2781,shiftpsh,🥈 19-S Sogang ACM-ICPC Team Application (Silver),-
2784,shiftpsh,🥉 19-S Sogang ACM-ICPC Team Application (Bronze),-
4270,queued_q,재밌었던 문제들 1,-
1613,cheetose,XOR,-
2041,njw1204,Text로 풀 수 있는 문제,-
3252,comseung18,라이 11. 너비우선탐색,-
4400,functionx,토너먼트 그래프,-
2147,park780172,코딩 테스트 대비 및 코딩 공부,-
12205,BaaaaaaaaaaarkingDog,0x1E강 - KMP,-
10020,bubbler,타일 까는 (깎는?) 노인,-
13525,koosaga,최장 증가 부분 수열 오마카세,-
11899,79brue,2022 국대교육 3주차,-
6779,tony9402,자료구조 (수정 : 2021-04-20),-
2071,jaehoo1,정렬왕 김정렬,-
7750,soo7652,"자료구조(스택, 큐, 덱) (easy)",-
7893,jysaa5,기업 알고리즘 테스트 유형,-
727,kks227,대학교 수업을 듣다보면 왠지 모르게 풀고 싶어지는 문제들 (2),-
4351,dennisstar,재밌는 문제들,-
2260,kks227,USACO Gold problems after the Platinum level is created,-
2783,shiftpsh,🏵️ 19-S Sogang ACM-ICPC Team Application (Platinum),-
4097,applied7076,solved.ac Class I,-
706,hyowon6724,씨언어기초,-
2023,jung2381187,전산언어학의 왕,-
2034,jaehoo1,중급,-
6599,rkm0959,PS 정수론 가이드 - Mobius function과 활용,-
8440,queued_q,저세상 아이디어,-
7754,soo7652,BFS/DFS (easy),-
3176,gumdung,삼성 SW a형 대비 - BFS+빡구현,-
7020,tony9402,동적계획법 1 (수정 : 2021-04-20),-
3264,comseung18,라이 24. 투 포인터,-
12649,BaaaaaaaaaaarkingDog,0x1F강 - 트라이,-
7135,tony9402,백트래킹 (수정 : 2021-05-06),-
11193,pjshwa,재밌는 문제 모음,-
7263,dbfldkfdbgml,코딩 인터뷰에 자주 나오는 문제,-
7292,BaaaaaaaaaaarkingDog,"0x07강 - 백트래킹, 시뮬레이션_구버전",-
10166,tnsgh9603,최장스트릭 유지용 문제,-
1954,smu201111192,parallel binary search,-
6768,jhnah917,2020 2학기 동아리 수업 (중급),-
1928,gaelim,입사테스트준비용,-
2157,jaehoo1,중급4,-
15561,koosaga,Just Implement the Paper,-
3265,comseung18,라이 25. 다익스트라,-
70,myungwoo,Strong String!,-
5001,frtmpmtrf,Sololearn과 Python,-
3258,comseung18,라이 17. 우선순위 큐,-
6780,tony9402,자료구조2 (수정 : 2021-04-20),-
13245,koosaga,Suffix Automaton,-
822,cokcjswo,세그먼트 트리 응용,-
7738,soo7652,다이내믹 프로그래밍 (easy),-
12027,79brue,2022 국대교육 4주차,-
7304,BaaaaaaaaaaarkingDog,0x13강 - 플로이드 알고리즘_구버전,-
3010,newdeal,"🙋모스 알고리즘(Mo's Algorithm) ,평방 분할 모음",-
4531,blackking26,뉴비 추천 셋,-
7297,BaaaaaaaaaaarkingDog,0x0C강 - 이분탐색_구버전,-
813,cokcjswo,기대값 DP,-
4605,kdk_kang_c,"DFS, BFS, 시뮬 문제",-
7300,BaaaaaaaaaaarkingDog,0x0F강 - 그래프_구버전,-
6152,inhadong,코딩테스트 대비 문제집,-
6198,soo7652,기초 구현 문제,-
7289,BaaaaaaaaaaarkingDog,0x04강 - 스택 1(수식의 괄호 쌍),-
4530,cjswodmlskfk,골드마스터오브웰논,-
2423,jaehoo1,Flood Fill 플러드 필,-
4538,stonejjun03,All About Dynamic Programing,-
3259,comseung18,라이 18. 유니온파인드,-
3246,comseung18,라이 5. DP1,-
7276,tony9402,문자열 (수정 : 2021-04-28),-
1729,rdd6584,풀고 싶어도 아는 게 없네.,-
7342,purang2,Gold 5 Challenge,-
10093,koosaga,IOI 선발고사 스타일 문제,-
7060,Lawali,2021년 ALPS 고급 알고리즘 스터디 선수조건,-
7993,skyinbj,스카이 인증 공식 날먹 문제집,-
7645,tony9402,트리 (수정 : 2021-05-06),-
6832,tony9402,시뮬레이션 (수정 : 2021-04-20),-
7021,tony9402,동적계획법 2 (수정 : 2021-07-25),-
7836,khanjhy,좋은 DP문제들,-
6833,tony9402,그리디 (수정 : 2021-04-20),-
210,dudn134,초심자에게 도움 될 거 같은 문제들,-
1720,shiftpsh,확률과 경우의 수 이론,-
9764,jinhan814,Theme 09. 이분 탐색(Binary Search),-
2100,okaybody5,USACO Bronze 2014~2018,-
6853,tony9402,그래프 탐색 (수정 : 2023-05-11),-
7274,tony9402,누적 합 (수정 : 2021-04-28),-
6083,samuel95,24K (1),-
8086,jwpassion1,세그 모음집1,-
728,kks227,대학교 수업을 듣다보면 왠지 모르게 풀고 싶어지는 문제들 (3),-
4655,sait2000,Tweetable Diamond,-
3436,fefe,basic algorithm,-
7273,tony9402,최단거리 (수정 : 2021-05-06),-
1935,njw1204,백준 난제 종합선물세트 (넌센스 or 특이한 문제),-
3687,TheKinGoD,아이유(IU) 모음,-
4431,newdeal,🍭알고리즘 분류: 사수아탕,-
6781,tony9402,수학 (수정 : 2021-04-20),-
3254,comseung18,라이 13. 비트마스크,-
1911,whquddn55,LIS연습,-
4699,Green55,pt,-
3247,comseung18,라이 6. 이분탐색,-
2139,acebroad,기초 강의용 문제,-
2171,kimsy96,탑코더 Div1 그리고 Div2 Hard 문제들,-
7295,BaaaaaaaaaaarkingDog,0x0A강 - 그리디_구버전,-
3245,comseung18,라이 4. 분할정복,-
2623,jaehoo1,중급6,-
365,portableangel,Skip,-
6769,jhnah917,2020 2학기 동아리 수업 (초급),-
3261,comseung18,라이 20. DP2,-
2829,jaehoo1,중급7,-
6507,herdson,자료구조 자습하기,-
7698,jeffoio,추천문제 Bronze ~ Silver,-
562,MenOfPassion,COCI 3~6번 문제,-
4183,shjgkwo,DFS and BFS,-
5224,skkiss98,나만 풀고 싶은 수학 문제들,-
3256,comseung18,라이 15. 트리,-
7296,BaaaaaaaaaaarkingDog,0x0B강 - 수학_구버전,-
1,baekjoon,진짜 쉬운 문제,-
8563,exon,초보들을 위한 날먹 문제집 (DP),-
1629,zigui,신기하게 풀리는 문제들,-
2371,jaehoo1,중급5,-
168,yukariko,에라토스패티쉬,-
9528,yunjh0420,단계별 실버 문제 선별집,-
6782,tony9402,투 포인터 (수정 : 2021-04-28),-
7299,BaaaaaaaaaaarkingDog,"0x0E강 - 문자열(KMP, 라빈 카프)_구버전",-
3251,comseung18,라이 10. 깊이 우선 탐색,-
8835,ryute,ALPS 2021-2R 고급 알고리즘 연습 선수조건,-
9885,tlsdydaud1,트릭 연습,-
2036,jaehoo1,중급3,-
8997,postcookie,Week 1 : 수학,-
802,cokcjswo,DP,-
11356,dukisland,보통의 취준생을 위한 코딩 테스트,-
7175,tony9402,최소 스패닝 트리 (수정 : 2021-04-20),-
6595,rkm0959,PS 정수론 가이드 - 중국인의 나머지 정리,-
3244,comseung18,라이 3. 그리디,-
2849,wlvkddl51,DFS + BFS,-
9687,0917ba,카탈란 수,-
7041,portal3046,기초 알고리즘 + 그래프,-
1166,sukwoo0711,삼성코딩대비(탐색/시뮬레이션),-
5055,whdgurclzls,라이 26. 벨만포드,-
3755,3846chs,라이(kks227) 블로그 문제집,-
6598,rkm0959,PS 정수론 가이드 - Miller-Rabin 소수 판별 알고리즘과 Pollard-Rho 소인수분해 ,-
7755,soo7652,BFS/DFS (normal),-
6602,rkm0959,PS 정수론 가이드 - 소수의 개수 빠르게 세기,-
6600,rkm0959,"PS 정수론 가이드 - 원시근, 이산로그, 이산제곱근",-
7002,Coxie,icpc seoul region 플레이상,-
2805,newdeal,🙋세그먼트 트리 with lazy propagation 모음,-
3260,comseung18,라이 19. 세그먼트 트리,-
3243,comseung18,라이 2. 완전탐색,-
2035,jaehoo1,중급2,-
6936,surung9898,만화/애니메이션 통합본,-
429,wwang96,BSF/DFS/floyd 연습,-
9170,jaehoo1,중급10,-
2131,jaehoo1,쉬운 서브태스크,-
7305,BaaaaaaaaaaarkingDog,0x14강 - 다익스트라 알고리즘_구버전,-
801,cokcjswo,LIS,-
8399,woosteelz,IM대비 BOJ문제 모음,-
2208,kipa00,Mertens trick,-
7740,soo7652,다이내믹 프로그래밍 (hard),-
122,pichulia,변태스러운 기하문제,-
10170,rhdqor213,숏코딩,-
320,baekjoon,피보나치,-
9270,ai4youej,Stable Marriage Problem / Stable Matching,-
3581,daejjyu,플로이드 와샬 알고리즘(Floyd-Warshall Algorithm),-
2885,green2potato179,백준 역대급 난제,-
8419,jaehoo1,중급9,-
7303,BaaaaaaaaaaarkingDog,0x12강 - 최소 신장 트리_구버전,-
8437,jinhan814,Theme 02. STL 자료구조 - queue,-
8083,dhyang24,같은문제? 같은문제? 같은문제?,-
7294,BaaaaaaaaaaarkingDog,0x09강 - 다이나믹 프로그래밍_구버전,-
7302,BaaaaaaaaaaarkingDog,0x11강 - 위상 정렬_구버전,-
854,shd01007,피보나치와 이항계수,-
4095,dennisstar,Convex Hull Trick,-
10437,jaehoo1,중급11,-
1031,cokcjswo,상태표현 다이나믹,-
7767,soo7652,그리디 (easy),-
9675,knon0501,dp,-
5723,jaehoo1,중급8,-
1054,cokcjswo,세그먼트 트리에 스위핑을 싸드셔 보세요,-
7290,BaaaaaaaaaaarkingDog,"0x05강 - BFS, DFS_구버전",-
3257,comseung18,라이 16. 이진 검색 트리,-
3303,jh05013,차이 부등식,-
11167,greenbaby10,중학교를 졸업하자 - KOI편,-
7277,tony9402,이분탐색 (수정 : 2021-04-22),-
6601,rkm0959,PS 정수론 가이드 - 유클리드 알고리즘의 활용,-
10940,djs100201,문제 해결 능력 기르기2,-
1376,CookieHCl,백준 7대 난제,-
1548,ainch96,[2]DP와 dfs를 이용해서 풀 수도 있는 엄청난 문제들,-
7650,plmnb14,1) BFS & DFS,-
13551,nflight11,단순 출력 언어 제한 문제집,-
1836,jwvg0425,1. 입출력 / 연산,-
11222,tjdgnsqn3,정수론 - 1,-
7286,BaaaaaaaaaaarkingDog,0x01강 - 시간복잡도와 기초 지식 연습문제_구버전,-
1409,ztrl,수학문제,-
663,tokyo9pm,DP,-
221,rhs0266,꿀문제,-
5881,wjdekdms9,위상정렬 연습,-
4775,cgiosy,쉬운 KOI 문제집,-
3253,comseung18,라이 12. 백트래킹,-
139,yukariko,초등학교에 입학하자 - 지역본선편,-
2680,jaehoo1,초보3,-
799,cokcjswo,이분탐색,-
6863,sobu0715,Math,-
832,cokcjswo,수학,-
5302,kdr06006,Treap,-
8111,jaehoo1,초보5,-
7301,BaaaaaaaaaaarkingDog,0x10강 - 트리_구버전,-
7741,soo7652,시뮬레이션 (easy),-
593,cwchoi00,완전검색-순열조합,-
6742,daejjyu,"알까기 1주차: 투 포인터, 슬라이딩 윈도우",-
7739,soo7652,다이내믹 프로그래밍 (normal),-
1731,njw1204,파이썬으로 쉽게 푸는 문제,-
157,roomylee,Dynamic Programming,-
1646,ho94949,실수 문제집,-
638,computerace13,c언어 배우는 사람은 풀수있는 문제,-
956,cokcjswo,MST,-
2112,kks227,Meet in the Middle,-
4093,urd05,병렬이분탐색+유니온파인드로 풀리는 문제들,-
195,f52985,12간지,-
7287,BaaaaaaaaaaarkingDog,0x02강 - 배열과 연결 리스트_구버전,-
1711,snowman,Dijkstra,-
9018,sksms1375,딱봐도 귀찮은 문제들,-
3249,comseung18,라이 8. 스택,-
4780,developer20,2020년 5월 코딩테스트 대비 백준님 강의 문제들,-
3127,jinyeob,bfs,-
910,sixman,pro대비연습,-
7921,soo7652,반복문,-
7216,a0103932,그래프,-
11855,pill27211,Heavy-Light Decomposition,-
8643,jh05013,"Hi, so to me seems like a notorious coincidence. 4",-
3263,comseung18,"라이 22. 희소 테이블 (3), Rise 23. 기하와 벡터(6)",-
13629,w8385,RSA Love Love,-
15,baekjoon,트리 - Easy,-
1670,sukwoo0711,삼성코딩대비2(탐색/시뮬레이션),-
3134,bgg8988,swex 시험 대비,-
3334,njw1204,수학적 사고력이 필요한 문제집,-
2151,jaehoo1,초보2,-
6603,rkm0959,PS 정수론 가이드 - more on multiplicative functions,-
7288,BaaaaaaaaaaarkingDog,"0x03강 - 스택, 큐, 덱_구버전",-
3735,gkfkagkfka12,DP(~골드1),-
8124,qwerasdfzxcl,재밌는 수학/구성적 모음,-
1627,Green55,탑다운에 익숙해 지기 위한 쉬운 DP 문제들,-
3039,sait2000,정수론과 합,-
7291,BaaaaaaaaaaarkingDog,0x06강 - 재귀_구버전,-
810,cokcjswo,완전탐색,-
5117,dtc03012,내가 풀어야할 것,-
5711,jaehoo1,초보4,-
9418,jhyub,출력만 하는 문제 모음,-
3211,pks9013,최단거리 연습,-
4542,cjswodmlskfk,플레마스터,-
900,ydj414,Union-Find,-
10021,codegosu,"이직의 불꽃, 좋소에서 네카라까지 (1)",-
1569,ho94949,기하,-
8092,483759,"윤이진문제집 - DP, 분할정복",-
5062,whdgurclzls,라이 33. 2-SAT,-
1953,kks227,Manacher's Algorithm,-
8188,dragons6641,solved.ac CLASS 2+,-
2168,rdd6584,완전탐색,-
12424,jjang36524,진짜 쉬운 웰노운,-
6961,cheetose,looking for a challenge 2,-
3248,comseung18,"라이 7. 리스트,배열,연결리스트",-
11812,jhnah917,2022 SCCC 봄 초급 강의 과제,-
9725,jinhan814,Theme 07. 백트래킹(Backtracking),-
13002,pill27211,Offline_Queries : Mo's,-
5749,pentagon03,	병렬 이분 탐색 1 (Parallel Binary Search),-
10632,sierra_9707,코딩테스트 입문 문제집,-
7214,a0103932,DP,-
3884,pks9013,문자열처리1,-
10740,jinhan814,Theme 01. 그래프 _ BFS,-
8420,jinhan814,Theme 02. STL 자료구조 - string,-
4585,applied7076,세그먼트 트리를 이용하여 풀 수 있는 문제들,-
6784,tony9402,분리 집합 (수정 : 2021-04-20),-
3250,comseung18,"라이 9. 큐,덱",-
94,kesakiyo,CTP Beginner study,-
3136,bgg8988,swex 준비 문제집,-
10782,jongpark1234,백준 문제풀이 가이드 - 하편,-
10168,dbdjfdjqkqh1,SW 역량테스트 IM 수준,-
7220,a0103932,완전탐색,-
161,yukariko,진수&진법 문제,-
7298,BaaaaaaaaaaarkingDog,"0x0D강 - 해쉬, 이진 검색 트리, 힙_구버전",-
11109,dong_gas,Funny Silver,-
3146,kks227,Bitmask + DP,-
537,uon7777,DP연습 + a,-
480,muveloper,재귀&백트래킹 & BFS & DFS,-
7282,tlsdydaud1,Standard,-
82,lll4592,DFS와 BFS 연습,-
1093,DryType,백트래킹,-
11157,guswns137,20220523_정올기초_문제집_다들_화이팅,-
7004,jthis,link cut tree,-
11477,byunsanghoon1025,2차원 dfs,-
8093,483759,윤이진문제집 - 그래프,-
1854,sssjjj31231,매일매일 알고리즘,-
8432,jinhan814,Theme 02. STL 자료구조 - stack,-
1067,DryType,BFS,-
126,yukariko,약수 관련 문제,-
9541,koosaga,3D Convex Hull,-
9468,sharaelong,USACO Gold (2015~),-
2531,shiftpsh,19-1 Sogang ACM-ICPC Team Application (Silver),-
1088,lacrimosa,기초복습,-
5078,pks9013,dfs bfs dp,-
1063,DryType,DFS,-
8507,tommy1610,DFS/BFS,-
12525,coy,구현/시뮬레이션,-
7166,tony9402,트리 디피 (수정 : 2021-04-28),-
9575,jinhan814,Theme 05. 재귀 / 분할정복(DnC),-
2296,megajunior,다이나믹(alpha),-
2102,okaybody5,USACO Silver problems after the Platinum level is created,-
4845,pks9013,정렬,-
794,cokcjswo,그리디,-
2564,chunghan,KOI High #1,-
6702,wonkyum256,스택 1000,-
9601,koalakid,dp 부시기,-
594,cwchoi00,그래프-DFS/BFS,-
2026,jh05013,캠프 파티 (Medium),-
8999,postcookie,Week 2 : 자료구조,-
5955,comseung18,Y's 추천문제,-
11718,movegreen,쉬운 넌센스&구데기 문제집 Ver. 1.22474487139...,-
6597,rkm0959,PS 정수론 가이드 - 팩토리얼과 이항계수,-
897,cokcjswo,"그래프, 트리인데 DP",-
11072,dong_gas,Funny Platinum,-
2413,jugol,해시 / Stack / Queue / Heap from jinyo,-
98,siomon5678,초보자를 위한 문제(2),-
5479,miryu,기하 EZ,-
12901,dbgusdn012,"ICPC 문제집 (인터넷예선, 대전 2010~2017)",-
1950,kks227,Suffix Array,-
11374,dbsdltjd123,백준님 알고리즘 기초 1/2,-
5209,filled,DP 기초,-
2676,exponential_e,스터디,-
192,portableangel,아이디어만 있으면,-
10871,s_infinite,BFS/DFS,-
8434,gs25,good dp ,-
14581,coy,재귀/분할정복/백트래킹,-
159,roomylee,BFS/DFS,-
14577,coy,그리디 ,-
10872,s_infinite,백트래킹(조합생성),-
3495,daejjyu,완전탐색(exhaustive search),-
9900,hopedream,알고리즘 수업 - 정렬 시리즈 (MenOfPassion),-
2592,bueno,100챌린지뀨,-
7293,BaaaaaaaaaaarkingDog,0x08강 - 정렬_구버전,-
446,ilyoan,너무 어렵지 않은 완전 탐색,-
7093,ryute,ALPS 2021 중급 스터디 선수조건,-
658,nisroeld99,stl모음,-
9403,jinhan814,Theme 03. STL 알고리즘 - next_permutation,-
1591,koosaga,기하 2,-
3262,comseung18,라이 21. 에라토스테네스의 체,-
4036,sjkwon9707,GoldHunter,-
11968,seunggyu,코딩테스트 뿌시기 - 챕터 1 - 복잡도와 재귀함수와 누적합 그리고 구현(문자열 등),-
10742,jinhan814,Theme 01. 그래프 _ DFS,-
7275,tony9402,분할 정복 (수정 : 2021-05-06),-
2070,akkn0907,DP,-
3474,chlalstjd205,다이나믹 프로그래밍(Dynamin Programing),-
3579,daejjyu,"다익스트라 알고리즘(Dijkstra's Algorithm), 벨만 포드 알고리즘(Bellman-Ford Algorithm)",-
1636,wjdtmdrbs88,BFSBFSBFSBFSBFS,-
15011,tlsdydaud1,아이디어로 푸는 문제 - 인터랙티브,-
4508,hsmin920,과외,-
8465,inhyuk05,DP,-
11039,programbaam,코테,-
10982,ai4youej,리듬게임 시리즈,-
2001,shiftpsh,재미있거나 이상한 문제,-
13634,jhnah917,깔끔한 기하,-
11623,dbsdltjd123,백준님 알고리즘 기초 2/2,-
3255,comseung18,라이 14. 구간합배열,-
7935,pentagon03,Exchange Arguments,-
1508,jhlee1108,Breadth First Search,-
1507,jhlee1108,Depth First Search,-
843,hundaeding,dfs,-
11508,tjfvmfdydid_java,좋은 백준 문제,-
7771,soo7652,완전 탐색 (normal),-
10007,ktwqwe12,DP알고리즘을 지금 막 배운 그대들을 위한 문제집,-
2434,njw1204,정답률 한자리수 극악의 문제집,-
4253,ho94949,Naive로 풀리는 수열과 쿼리,-
11358,iseol421,다이나믹 프로그래밍,-
7964,jonahan,정수론 꿀문제,-
9534,jinhan814,Theme 04. 완전 탐색(Brute Force),-
8749,jinhan814,Theme 02. STL 자료구조 - priority_queue,-
6132,jhnah917,2020 2학기 동아리 수업 (고급),-
2167,rdd6584,시뮬레이션,-
9469,sharaelong,USACO Platinum (2015~),-
6935,surung9898,비디오 게임 통합본,-
1840,csi013,풀꺼,-
1503,jhlee1108,Stack,-
1440,gaelim,스터디,-
845,hundaeding,백트래킹,-
14583,coy,BFS/DFS/다익스트라,-
14582,coy,수정렬+위상정렬,-
14580,coy,문자열/KMP/트라이/접미사,-
14579,coy,투 포인터,-
14578,coy,다이나믹 프로그래밍,-
14576,coy,이분 탐색,-
14575,coy,완전탐색,-
2123,abc3242,P 코딩테스트,-
2130,jaehoo1,Jump to Python,-
9264,jinhan814,"Theme 03. STL 알고리즘 - lower_bound, upper_bound",-
625,cwchoi00,다이나믹프로그래밍_초급,-
10771,wonjongwoo01,쉽게 푸는 다이나믹 프로그래밍,-
9402,jinhan814,"Theme 03. STL 알고리즘 - reverse, rotate",-
7774,soo7652,문자열 (easy),-
8247,jhnah917,2021 선린 정올반 6/7월 교육,-
2532,shiftpsh,19-1 Sogang ACM-ICPC Team Application (Gold),-
7761,soo7652,다익스트라,-
7031,swj0515,그래프정복쓰,-
1000,occidere,풀 수 있을 것 같은데 안풀리는것들,-
15143,kaorin,journey to tst 문제모음,-
11532,jmlee9707,내가풀려고만드는문제2,-
10576,chajiwon1007,WAP 코딩테스트,-
9179,jinhan814,Theme 02. STL 자료구조 - bitset,-
9010,jinhan814,"Theme 02. STL 자료구조 - set, map",-
10761,ahah525,그리디 알고리즘,-
1772,koosaga,파싱,-
8438,jinhan814,Theme 02. STL 자료구조 - deque,-
10413,kdr06006,알고리즘 수업 모음,-
5058,whdgurclzls,라이 29. 위상정렬,-
5057,whdgurclzls,라이 28. 최소 스패닝 트리,-
327,baekjoon,BASE,-
8506,cajun7,DFS/BFS,-
7557,inhyuk05,ALPS - BFS,-
11410,r4pidstart,20. 리뷰 3,-
11407,r4pidstart,17. 트리,-
11243,iseol421,BFS,-
687,Martian,쉬운,-
10498,hjroh0315,"Codeforces Div.2 A,B 문제집",-
2403,jugol,구현 연습 from jinyo,-
13594,hjroh0315,Convex Optimization & Machine Learning,-
7237,dk10211,그리디,-
6147,samuel95,크리스마스 특집 ps,-
5714,lovely5572,DP 연습,-
11843,bomul1128,3반(전)스터디,-
11674,r4pidstart,22. 투포인터,-
11673,r4pidstart,21. 분리집합,-
11530,jmlee9707,내가풀려고만드는문제,-
11409,r4pidstart,19. 최단경로,-
11408,r4pidstart,18. dp3,-
11405,r4pidstart,15. 리뷰 2,-
11403,r4pidstart,13. 이분탐색,-
11401,r4pidstart,11. 분할정복,-
11399,r4pidstart,9. 자료구조 1,-
10955,haramel49,LIS,-
9299,r4pidstart,7. 그리디,-
7911,423april,연습용,-
2460,hs2seo,AD 검정 #1,-
1076,goooora,개미지옥,-
935,Acka,Training#02. Basic Technic,-
934,Acka,Training#01. Physical Test,-
931,jseo,Easy(?),-
930,fisache,dp - 최적화,-
867,quki,다시풀어야할 문제,-
674,cyj101366,다이나믹,-
433,wwang96,DP,-
5056,whdgurclzls,라이 27. 플로이드와샬,-
9278,jinhan814,Theme 03. STL 알고리즘 - unique + erase,-
9209,jinhan814,Theme 03. STL 알고리즘 - sort,-
9432,y_cat,문자열 실버 문제 모음,-
10743,jinhan814,Theme 01. 그래프 _ 다익스트라(Dijkstra),-
13279,kdhc7777,배낭문제,-
13841,00nyj,알고리즘 100+3문제 마스터해보기,-
7236,jaehoo1,정렬왕 김정렬2,-
5015,pentagon03,"KOI 고등 3,4번",-
2038,jaehoo1,치과,-
6785,tony9402,트라이 (수정 : 2021-04-20),-
7459,inhyuk05,ALPS - dfs,-
9028,tlsdydaud1,Text,-
2565,chunghan,KOI High #2,-
9194,hun3555,소가 길을 건너간 이유,-
1879,wookje,욱제가 나중에 풀 문제들,-
10989,djs100201,구간 병합 세그,-
4098,applied7076,solved.ac Class II,-
13610,kdhc7777,"최소 신장 트리  , 최소 스패닝 트리 , MST",-
7507,inhyuk05,ALPS - BruteForce,-
454,ntopia,기하,-
121,joonas,기하 문제,-
4281,raararaara,20-1 Sogang ICPC Team Application,-
7178,queued_q,재밌었던 문제들 2,-
12907,redblacktree,linear algebra,-
11108,dong_gas,Funny Gold,-
14071,wanderkind,논리의 모든 것 (1),-
10155,jhnah917,설날 기념 민속놀이,-
464,exqt,제4교시 과학탐구영역,-
11107,tlsdydaud1,업솔빙 목록 1,-
7165,tony9402,위상정렬 (수정 : 2021-04-20),-
1580,smu201111192,풀만한 문제들,-
17,baekjoon,수능에 나올법한 문제,-
8091,483759,"윤이진문제집 - 이진탐색, 투포인터, 비트마스킹",-
4637,subbak2,중급,-
11147,queued_q,재밌었던 문제들 3,-
10828,halin,TEXT LOVER,-
9043,tlsdydaud1,그리드 경로 찾기,-
8977,haru8986,슬라이딩윈도우/투포인터,-
1693,skymin93,삼성 sw대비,-
2259,evenharder,#shitpost 팝퀴즈,-
7772,soo7652,완전 탐색 (hard),-
10005,jinhan814,Theme 11. 비트 연산(bitwise operation),-
13946,kongum,Two Pointer ( ~ P5),-
11778,tjdgnsqn3,세그먼트 트리(Segment Tree) (수정: 2019-02-12),-
12132,djs100201,제곱근 분할법으로 풀 수 있는 수 많은 문제들,-
9440,amsminn,USACO silver 2016~,-
13869,atrux,small to large,-
13341,hijkl2e,CP4 Chapter 2.2 Kattis,-
9673,knon0501,dp특강,-
8972,cohan,이항 계수 시리즈,-
8875,jb0830,트라이,-
8844,qkrwlgns7,"USACO 2015-2016 Bronze, Silver",-
8739,rkdalsdn7,왜?,-
8112,index,카탈란 수,-
5640,syw5141,수학,-
2915,jacksian,기하,-
2020,conankun,기하 누나 팬클럽,-
1736,kdcal035,타일링,-
1723,holyzone0927,동적 계획법[기초반],-
1471,sky2204,오늘풀BFS,-
1061,wooljs,플로이드 (2),-
1060,wooljs,플로이드 (1),-
549,rupc,그래프,-
8153,jwpassion1,세그 모음집2,-
330,wowoto9772,그으리디,-
15453,hijkl2e,Ants on a Stick,-
9905,WeissBlume,아이디어 (그래프),-
12,WeissBlume,맛잇는 문제집,-
1547,ainch96,[1]행렬곱셈과 DP를 이용해서 풀 수도 있는 엄청난 문제들,-
12280,79brue,2022 국대교육 7주차,-
12278,79brue,2022 국대교육 6주차,-
12276,79brue,2022 국대교육 5주차,-
1116,zeikar,포켓몬 마스터,-
3606,dlstj0923,술 게임,-
798,cokcjswo,분할정복,-
6596,rkm0959,"PS 정수론 가이드 - 페르마 소정리, 오일러 정리 및 활용",-
11987,wjdnr11,22년 하계 대학생 알고리즘 특강 1차 (3),-
11986,wjdnr11,22년 하계 대학생 알고리즘 특강 1차 (2),-
11985,wjdnr11,22년 하계 대학생 알고리즘 특강 1차 (1),-
1441,dndrb93,sw 역량 테스트 대비,-
13136,pill27211,"""상어 멸종""",-
11724,tjdgnsqn3,유니온 파인드(Union-Find) (수정: 2020-08-03),-
11241,tjdgnsqn3,"라이 큐(Queue), 덱(Dequeue)",-
11200,tjdgnsqn3,라이 스택,-
1055,wooljs,다익스트라 (1),-
9730,jinhan814,Theme 08. 구현 + 시뮬레이션,-
8352,kritias,"UCPC [B5, P5] 모음집",-
7039,jb0830,KMP,-
1058,guardian_demon,Project G_N #3 : 살려줘,-
5510,yyyy7089,Text,-
13068,zzamdoly,알고리즘 수업 시리즈,-
123,pichulia,변태스러운 수학문제,-
13421,insightforward,Do it 알고리즘 코딩테스트 51-60,-
11983,gwamegwame98,'22 삼성SDS 하계 알고리즘 특강,-
7269,Coxie,ucpc 다모아,-
3175,gumdung,삼성 SW a형 대비 문제-순열과 조합,-
1066,DryType,Linked List,-
10371,ktwqwe12,스택을 지금 막 배운 그대들을 위한 문제집,-
9873,ruby02,초심자를 위한 70제,-
10611,euroversedev,"[D-7] Tree, Prefix Sum, Two Pointer",-
1628,zigui,자료구조 연습,-
8192,dragons6641,solved.ac CLASS 6+,-
3730,1106ksj,컴교화이팅~,-
3677,1106ksj,컴교화이팅~,-
4383,functionx,러시아산 꿀문제,-
1299,letsgo90,다이나믹 프로그래밍,-
11350,dukisland,프로그래밍 대회 공략을 위한 알고리즘과 자료구조 입문,-
278,uss01,시작자가 풀기 좋은 문제,-
8375,jinhan814,Theme 01. 입출력,-
8678,dohoon,DP with bitfield,-
12965,pill27211,LCA와 MST의 재밌는 조화,-
7610,suntouch,삼성 역테를 처음 준비하며 멘붕이 온다면,-
11489,index,덕력이 보이는 해외 문제들,-
325,kmg8280,스택,-
839,hundaeding,네트워크 플로우,-
2669,wlsgns888,브루트포스,-
1442,sotjs12,자료구조,-
13640,runnie0427,조합론 연습문제 - 플레 이상,-
1241,onjo0127,소가 길을 건너간 이유,-
11547,dong_gas,Counting Inversions,-
1792,myju742,아희-사칙연산,-
396,onjo0127,분할 정복,-
13047,pridom1118,알고리즘 (9주차 ~ 14주차),-
13046,pridom1118,알고리즘 (1주차 ~ 7주차) ,-
13425,insightforward,Do it 알고리즘 코딩테스트 91-100,-
13422,insightforward,Do it 알고리즘 코딩테스트 61-70,-
5067,whdgurclzls,라이 37. 최소 비용 최대 유량,-
11733,specidiee,초록책 정복: 4장 [정렬과 탐색],-
11720,specidiee,초록책 정복: 15장 [고난도 주제],-
1899,losthistory,크루스칼,-
12798,wapas,Sudoku,-
2076,mwy3055,별찍기,-
5331,chansol,2020 KOI 대비 DP 연습 목록 2,-
134,joonas,스트링.. 스트링!!,-
7751,soo7652,"자료구조(스택, 큐, 덱) (normal)",-
16038,qwerasdfzxcl,2023 국대교육 2주차,-
5163,jjang36524,초보 탈출,-
4099,applied7076,solved.ac Class III,-
5069,whdgurclzls,라이 39. 최소공통조상,-
11360,tjdgnsqn3,곰곰컵,-
52,sky0331,KOI 지역본선 쉬운문제 모음,-
4384,roonm813,dp training ,-
13501,index,검색이 불가능한 문제들,-
1123,marona,"Life is Short, You Need Python!",-
3513,1106ksj,컴교화이팅~,-
5064,whdgurclzls,라이 34. 네트워크 플로우,-
7672,ksjlinker,상어 시리즈,-
306,jcdgods,Graph,-
7728,benedict0724,재밌는 다이아 문제집,-
7770,soo7652,완전 탐색 (easy),-
14072,bnb2011,JOI 부수기 1,-
10941,wq0212,SW 마에스트로 1차코테대비,-
14101,ooyouj,IM 대비 문제집,-
13438,playteddypicker,정수론 입문,-
2044,koosaga,캠프1,-
12150,duram21,풀만한 문제,-
2101,okaybody5,USACO Silver problems until the Platinum level is created,-
8424,hgmhc,생일 축하 합니다,-
11654,tlsdydaud1,세그먼트 트리 응용,-
955,cokcjswo,MCMF,-
5077,whdgurclzls,라이 40. 레이지 프로퍼게이션,-
11772,alphasobs,CSE ALPS 준회원,-
15316,pill27211,Unicycle Graph 문제 모음,-
2567,chunghan,KOI High #3,-
14613,smile_again,IM 대비 필수문제 (풀이포함),-
7734,fbfbf1,ICPC2010~2020 korea regional 골드이하문제,-
15611,sb00lgs,빡구현100선,-
7932,483759,윤이진알고리즘챌린지,-
8187,dragons6641,solved.ac CLASS 1+,-
4329,exponential_e,스터디2,-
15616,sb00lgs,아이디어100선,-
5228,zcxvcbvnbm12,STL,-
12504,kep1er07,CLASS 1,-
13243,pill27211,큰 수 만들기,-
12964,pill27211,Lowest Common Ancestor (2),-
11856,kep1er07,Sudoku,-
1128,cocomo1316,팰린드롬,-
2471,hello70825,BFS / DFS / Dijkstra / Bellman-Ford,-
1890,gaelim,구현/수학 (초급),-
1062,DryType,KMP,-
1972,exqt,아! 아시는구나!,-
13735,plast,USACO gold (19~),-
2080,fman1335,극강의 문제,-
10711,euroversedev,[D-4/3/2/1] Random Defense,-
4647,yewon00000,반복문 연습문제,-
12135,seunggyu,코딩테스트 뿌시기 - 챕터 2 -  그래프이론 DFS BFS,-
7447,ssks1013,싸피 알고리즘 특강,-
6153,dddddd1234,USACO_BRONZE 통과의 지름길(EASY),-
4650,fashion,역량테스트 부수기,-
12986,tjdgnsqn3,~ 10/16,-
12916,redblacktree,solved.ac class 6 ALL ,-
11913,tjdgnsqn3,희소 테이블(Sparse Table) (수정: 2019-11-16),-
11912,tjdgnsqn3,에라토스테네스의 체(Sieve of Eratosthenes) (수정: 2019-08-17),-
11859,tjdgnsqn3,동적 계획법 2(Dynamic Programming 2) (수정: 2016-08-22),-
774,isangyoon,SCPC 2015 예선 추가문제,-
13105,wlgur1023,삼성 PRO 대비,-
9002,applied7076,최준 말고 백준 어때?,-
7745,soo7652,해시,-
5401,girlera7,구현,-
16030,qwerasdfzxcl,2023 국대교육 1주차,-
10959,effect2110,2022 ALOHA 4주차 초급반,-
10958,effect2110,2022 ALOHA 4주차 중급반,-
7912,sksms1375,N의 배수의 개수,-
6778,sksms1375,별 찍기,-
1622,guardian_demon,의지충만#2 : 입력선언반복조건,-
15033,jiminp,루빅스 큐브,-
11382,tjdgnsqn3,비트마스킹(Bit Masking) (수정: 2020-07-15),-
11110,dong_gas,Funny Diamond,-
2530,shiftpsh,19-1 Sogang ACM-ICPC Team Application (Bronze),-
5547,tjrwodnjs999,Usaco Platinum,-
3681,wjdgud0621,비밀번호,-
606,portableangel,꿀문제 발굴 프로젝트,-
6732,dbfldkfdbgml,합격 최적화 문제집,-
7775,soo7652,문자열 (normal),-
15308,tommy1024,골랜디 1 ( >= 300 solved),-
2046,koosaga,캠프3,-
5544,seastar105,잘만들었다고 생각하는 문제들,-
2110,shieldnet,기본 알고리즘,-
317,yukariko,0800fc577294c34e0b28ad2839435945,-
8190,dragons6641,solved.ac CLASS 4+,-
2956,ksjlinker,백준 온라인 저지 난제 모음,-
10394,ktwqwe12,큐와 덱을 지금 막 배운 그대들을 위한 문제집,-
7920,soo7652,조건문,-
7742,soo7652,시뮬레이션 (normal),-
13938,o9j8w7,유사코 플레상위 박살,-
14661,pill27211,Traveling Salesman Problem,-
14420,pill27211,Convex Hull Optimization,-
13993,pill27211,Lowest Common Ancestor (1),-
7768,soo7652,그리디 (normal),-
6101,sunio00000,SWJungle-WEEK02,-
12860,djs100201,조건이 걸려있는 수열,-
12817,index,AOJ-ICPC 400,-
1975,jung2381187,OneShot,-
7919,soo7652,입출력,-
896,waylight3,O(1),-
53,sky0331,아름다운 문제,-
7702,soo7652,USACO 문제집,-
7159,miryu,2-SAT,-
5987,pks9013,오일러,-
3567,daejjyu,"접미사 배열(Suffix Array), 아호코라식(Aho-Corasick)",-
3562,daejjyu,스위핑,-
1273,cokcjswo,SCC,-
5298,maruii,MWT 강의 - Graph II,-
11695,k1178k,히스토그램에서 가장 큰 직사각형,-
4955,xtalxlr,"구현, 재귀, 2차원 배열",-
11120,dong_gas,Counting Pairs,-
9727,ldhun041203,KOI 플레 DP,-
8191,dragons6641,solved.ac CLASS 5+,-
14770,pizzaroot,Sejong Algorithm Lab 1기 고급반,-
11627,applied7076,스트릭 '브론즈의 귀환',-
3582,daejjyu,크루스칼 - 최소 신장 트리(Minimum Spanning Tree),-
2668,wlsgns888,시뮬레이션,-
868,cokcjswo,최단경로를 응용해보지 않을텐가,-
627,ksmin1114,입출력/조건/반복,-
13342,hijkl2e,CP4 Chapter 2.3-2.4 Kattis,-
462,functionx,시크릿을 알면 성공이 보인다,-
15153,rustiebeats,경찰차 시리즈,-
14455,bnb2011,JOI 예선 부수기 1,-
12164,seunggyu,"코딩테스트 뿌시기 - 챕터 3 - 완전탐색, 백트래킹",-
840,hundaeding,이분매칭,-
4353,tristan3716,"Graph,",-
6753,pentagon03,병렬 이분 탐색 매운 맛,-
5892,kny031016,경모와 함께,-
3874,pks9013,이분탐색,-
13978,prairial6,A형 대비 문제집,-
7764,soo7652,트리,-
4609,redbin0471,그리디 스터디,-
3548,applied7076,PS 기초 문제들 1 - 출력,-
2954,stella161,ACM-ICPC 예선,-
12225,duram21,오늘의 문제,-
12220,ktwqwe12,그리디알고리즘을 지금 막 배운 그대들을 위한 문제집,-
1016,cokcjswo,우선순위큐,-
6028,nbsp1221,"1, 2, 3 더하기 시리즈",-
2728,ghkxntpdl97,일본정보올림피아드 예선 문제집,-
6078,phcdream,solve.ac CLASS 5 ESSENTIAL,-
10610,euroversedev,"[D-8] DP, Greedy, Backtracking",-
10609,euroversedev,"[D-9] Graph, BFS, DFS",-
10608,euroversedev,"[D-10] Sorting, Implementation, Binary Search",-
4047,gogowjdgo1,my_알고리즘 기초,-
14069,rsual,코딩은 거들 뿐,-
1481,CookieHCl,백준 꿀잼 문제,-
11507,applied7076,튀겨지고 싶은 당신의 자료구조 시험을 위하여,-
6148,Coxie,icpc 예선 문제 연습,-
959,HyehwA,Network flow,-
928,cokcjswo,이분매칭,-
841,hundaeding,MinimumCut,-
836,hundaeding,DP,-
10,baekjoon,팰린드롬 - Hard,-
2684,curnurx,Valid Bracket Sequence,-
7976,tony9402,FastCampus 문제 2 SET,-
7760,soo7652,BFS/DFS (hard),-
2724,crescent_h,for 해바라기 친구들,-
11,kdk8747,교과서 연습문제,-
2545,chunghan,UNIST AIP1,-
2196,7171won,백준 기초 문제,-
14769,pizzaroot,Sejong Algorithm Lab 1기 중급반,-
5330,chansol,2020 KOI 대비 DP 연습 목록 1,-
301,kozilla9,지역본선중등부2004~2009,-
241,brackman007,Text,-
7942,tony9402,FastCampus 문제 1 SET,-
2882,kumjinwoo,조건문,-
11302,tjdgnsqn3,너비 우선 탐색(Breadth-First Search) (수정 2018-11-22),-
118,xornrbboy,♥INT누나♥,-
13247,insightforward,Do it 알고리즘 코딩테스트 1-10,-
1585,koosaga,ainta 뚝배기,-
187,pichulia,당신은 발암 받기 위해 태어난 사람,-
5093,helloworld123,타일 채우기,-
4207,helloworld123,알고리즘 기초,-
2116,kks227,행렬 거듭제곱,-
8189,dragons6641,solved.ac CLASS 3+,-
10780,jongpark1234,백준 문제풀이 가이드 - 상편,-
11005,benedict0724,yhtodo hw,-
13249,insightforward,Do it 알고리즘 코딩테스트 21-30,-
13248,insightforward,Do it 알고리즘 코딩테스트 11-20,-
590,mathjuny,쉬운 문제,-
8442,kritias,세그 날먹,-
4815,plast,pst,-
12900,dbgusdn012,"ICPC 문제집 (인터넷예선, 서울 2019~2022)",-
9781,jinhan814,Theme 10. 그리디 - (1),-
3565,daejjyu,위상 정렬(Topological Sort),-
10607,euroversedev,"[D-11] Data Structure, String, Bruteforcing",-
1482,jhlee1108,Brute Force,-
7113,jwonylee,실전 코딩테스트 대비 문제 풀이,-
4055,gogowjdgo1,my_동적계획법2,-
4054,gogowjdgo1,my_동적계획법1,-
3431,chlalstjd205,BFS와DFS 문제집,-
1398,degurii,백준 6대난제,-
1981,wind,자료구조 연습문제,-
12632,djs100201,dijkstra 간선 줄이기,-
11621,jinhan814,군대가서 볼 문제 55선,-
9681,index,Topcoder SRM D1 3번,-
9680,index,Topcoder SRM D1 2번,-
9345,tlsdydaud1,말리기 쉬운 문제,-
6110,queued_q,퍼즐 문제,-
2674,evenharder,#doju_fanclub 팝퀴즈,-
4942,jun2077681,test,-
3320,carllee9295,단계별로 익혀가기1,-
3025,hahachw1,gbsM_1차시,-
2030,apjw6112,초보자용,-
1002,guardian_demon,Project G_N #1 : 출력,-
9742,knon0501,구현,-
9304,pianosiwon,조합 기초 문제,-
3443,pks9013,구간의 합,-
415,isac322,기초 문제,-
4358,pks9013,스택 연습,-
7091,blessisu,IM 대비 문제,-
421,yukariko,중학교에 입학하자 - 지역본선편,-
2437,green2potato179,연산하기,-
15237,larpore2,LG그룹 기출 유사한 것 모음집 (업데이트 중),-
10996,guswns137,20220406_다이내믹프로그래밍(dp),-
4533,pks9013,Union Find,-
8097,483759,"윤이진문제집 - 시뮬레이션, 구현",-
6074,sunio00000,SWJungle-WEEK01,-
10023,fastru,세그먼트 트리 - I,-
3441,chlalstjd205,크루스칼 알고리즘,-
402,king102900,복습하기-위상정렬,-
12675,mj1000j,DP 훈련,-
13237,akalswl14,YAPP-알고리즘1팀-완전탐색,-
7,baekjoon,출력이 아름다운 문제,-
10990,dlckdgusww,2022_04_1,-
804,cokcjswo,비트마스크,-
346,yukariko,Sqrt Decomposition,-
10409,copyrat90,나중에 풀 Ries 문제,-
15653,cmgjol010,2023 CTP 1학기 대회반,-
641,ksmin1114,Mystery,-
5851,dbfldkfdbgml,악마의 프로 챌린지,-
3028,hahachw1,gbsM_3차시,-
3027,cam0606,gbsM_4차시,-
1900,recall2300,문제네 집,-
9006,dk10211,하나 풀면 전부 풀리는 그리디,-
13124,wjcheon96,week1,-
10854,qhsl1213,dp다지기2,-
7763,swj0515,2021 카카오 블라인드 대비 스터디 문제집,-
10078,kronos,몬스터 트럭,-
12602,neguri0235,do it 코딩 테스트 문제,-
8789,havana723,ALPS 2021-2 초급 알고리즘 연습 선수조건,-
866,cokcjswo,BFS 돌면서 뭔가를 판단,-
546,na982,삼성서티,-
11644,tjdgnsqn3,우선순위 큐(Priority Queue),-
11548,tjdgnsqn3,이진 검색 트리(Binary Search Tree),-
11500,tjdgnsqn3,트리(Tree) (수정: 2018-11-22),-
11438,tjdgnsqn3,구간합 배열(Prefix Sum) (수정: 2019-08-06),-
11345,tjdgnsqn3,백트래킹(Backtracking) (수정 2019-10-09),-
11274,tjdgnsqn3,깊이 우선 탐색,-
11182,tjdgnsqn3,"라이 리스트,배열,연결리스트",-
5942,dbfldkfdbgml,IT멘토링,-
3737,mes3336,코딩일기,-
7353,daejjyu,정글 100제,-
1710,njw1204,기초 알고리즘,-
13461,raararaara,CIT코딩학원 정보올림피아드 중등부 진단평가,-
95,siomon5678,엄청 쉬운 문제,-
9001,postcookie,Week 4 : 다이나믹 프로그래밍,-
6158,sunio00000,SWJungle-WEEK03,-
9177,queued_q,GreenBelt 연습용,-
3574,daejjyu,비트마스킹,-
1618,jjwdi0,구간 최대 합,-
96,siomon5678,초보자를 위한 문제,-
31,hihihi,2012년 12월(easy),-
1003,guardian_demon,Project G_N #2 : 문자열,-
4181,shjgkwo,Stack and Queue,-
4212,saa4563123,바이러스 퇴치하기 !,-
9531,chominho96,"1주차 - 스택, 큐, 덱",-
6265,sunio00000,SWJungle-WEEK04,-
15629,smjun04,Easy to Code (1),-
11865,kidw0124,C에서 C++로 - 1 : 브론즈,-
7023,jatyu62,그리디 2주차,-
3026,cam0606,gbsM_2차시,-
3048,swh98,지역본선 고등부,-
614,plzrun,좋은 문제들,-
5543,906bc,H초필문,-
1838,jwvg0425,3. 반복문,-
11608,linak,비슷비슷한 그리디,-
8637,tony9402,FastCampus 문제 3 SET,-
19,rhdqnwnd,빠른 랭킹업을 원하는 그대에게,-
9926,ks0624,자료구조 추천,-
8692,riley,문제집,-
4956,legshort,FastCampus - Python,-
4660,minjae705,모각코20-1,-
4362,namh960110,입출력 기초,-
4335,ggbbng,코드잼 대비 연습문제 1차,-
4227,ho94949,!12,-
4226,ho94949,!11,-
4225,ho94949,!10,-
4224,ho94949,!9,-
4223,ho94949,!8,-
4222,ho94949,!7,-
4221,ho94949,!6,-
4220,ho94949,!5,-
4219,ho94949,!4,-
4218,ho94949,!3,-
4217,ho94949,!2,-
4216,ho94949,!1,-
4215,ho94949,!0,-
4182,shjgkwo,Backtracking,-
2400,dimes12,돌대갈쓰?,-
2267,kim08,기글링 ,-
2174,apjojeongjin,백준 처음사용자용 1주차,-
2062,kiteline93,알고 보면 쉬운 문제 모르면 어려운 문제+(정보력 테스트),-
2010,Stoads,DETS 자료,-
1969,bupjae,포켓몬,-
1608,guardian_demon,의지충만#1 : 출력,-
1490,green2potato179,계산,-
1131,shjgkwo,FFT 연습,-
270,shlee1503,넌센스,-
218,dudn134,정답을 알려주는 문제,-
205,hdnua,입출력은 할 줄 아시죠?,-
204,f52985,포켓몬스터/타입,-
153,adream,하드 트레이닝 Part 4,-
88,lll4592,상근 킴-new,-
87,lll4592,상근 킴-5,-
86,lll4592,상근 킴-4,-
85,lll4592,상근 킴-3,-
84,lll4592,상근 킴-2,-
83,lll4592,상근 킴,-
72,wequropi,게임이 나오는 문제들,-
62,moonzzang77,쉬운 문제들 총집합,-
60,moonzzang77,KOI 2013 지역본선 문제모음-hard,-
56,hist0613,2013여름방학공부,-
32,hihihi,2012년 12월(Medium),-
22,baekjoon,2012년 10월 30일에 풀고싶은 문제,-
18,xhark,전쟁,-
16,baekjoon,규칙성을 이용하는 문제,-
6,baekjoon,합!,-
3,baekjoon,기초 그래프,-
12210,kangminchang11,백준_알고리즘 기초 1/2 문제 모음,-
8684,tony9402,FastCampus 문제 8 SET,-
7217,a0103932,이분탐색/삼분탐색,-
14010,jos6151,공부하기,-
11574,haramel49,Reg Exp,-
13500,index,시간제한이 긴 문제들,-
11035,midori,하이퍼한 문제들,-
7366,dozzing729,귀여운건 못참아,-
6929,htjung09,MVP 다이아몬드,-
6927,htjung09,마법사 상어와 어쩌구,-
5754,CookieHCl,19998 푼 사람들을 위한 꿀문제들,-
5074,dimes12,계산기 조지기,-
4606,stonejjun03,화학,-
3487,kks227,메이플스토리,-
10320,raararaara,greedy s5-g1,-
10022,codegosu,"이직의 불꽃, 좋소에서 네카라까지 (2)",-
7213,a0103932,입출력,-
12031,wjdckfrl55,4.문자열,-
11685,aiden0912,나만의 대회3,-
11416,aiden0912,나만의 대회2,-
10963,aiden0912,나만의 대회,-
2104,plum,알고리즘특강,-
9743,knon0501,"스택,큐,덱,연결리스트,우선순위 큐",-
7773,soo7652,백트래킹,-
11658,jpyo0803,"USACO Bronze upto ""2010-2011 Season""",-
6774,daejjyu,"알까기 2주차: 트라이(Trie), 중국인의 나머지 정리",-
1663,wlsgns888,DFS 마스터,-
14302,wanderkind,논리의 모든 것 (2),-
14301,wanderkind,논리의 모든 것 (3),-
11150,wanderkind,특이취향 기하 문제들,-
1601,dudxksdl11,완전탐색,-
9000,postcookie,Week 3 : 재귀함수와 정렬,-
5605,pks9013,투 포인터 슬라이딩 윈도우,-
8760,tommy1610,dfs+스택,-
10367,hopedream,알고리즘 수업 - 깊이 우선 탐색 시리즈 (MenOfPassion),-
10251,hopedream,알고리즘 수업 - 너비 우선 탐색 시리즈 (MenOfPassion),-
4180,shjgkwo,Implementation,-
2877,godgod732,코테 연습,-
10466,tinoon18,단기간 실력 올리기 Day7,-
3129,pks9013,기하 알고리즘,-
7218,a0103932,분할정복,-
1044,dotorya,5페이지,-
12558,knon0501,코테대비문제집1,-
1626,ninja2820,역량강화123456,-
381,functionx,확률과 통계,-
4854,redbin0471,삼성용,-
1881,kjm1234,DFS/BFS,-
15804,tnghk9611,🌠 플레가자,-
3688,pks9013,그리디,-
14703,guswns137,씨큐브 KOI 중등부 그리디,-
13254,kdhc7777,최장 증가 부분 수열 - LIS 문제집,-
11510,gongsoonyee,Solved.Ac CLASS 2++,-
2670,wlsgns888,BFS,-
3491,daejjyu,"BFS, DFS, 백트래킹",-
7646,suntouch,나라면 이정도는 풀고 가겠어,-
6690,bdh0727,코테 연습,-
5635,syw5141,"자료구조 (스택, 큐, 덱)",-
13649,imcy0104,Bronze 5 ALL SOLVE (1/2),-
2,baekjoon,쉬운 다이나믹,-
1577,ainch96,[6]하나를 풀면 다른 것도 풀 수 있는 엄청난 문제들,-
1553,ainch96,[5]네트워크 플로우와 이진탐색을 이용해서 풀 수도 있는 엄청난 문제들,-
1552,ainch96,[4]정수론과 이진탐색과 포함배제를 이용해서 풀 수도 있는 엄청난 문제들,-
1550,ainch96,[3]DP와 kmp를 이용해서 풀 수도 있는 엄청난 문제들,-
13797,o9j8w7,유사코 플래하위 박살,-
11925,serajang99,if문,-
10858,kronos,기초 탐험 0,-
264,portableangel,도전! Implementation,-
1056,wooljs,다익스트라 (2),-
13119,hongii2,그리디 다이아,-
10311,copyrat90,라이 45. 아호코라식,-
10307,copyrat90,라이 41. 볼록 껍질,-
54,baekjoon,스도쿠 매니아,-
11924,serajang99,for문,-
11471,bem93,"배샘 C 문법 9 - 최대최소, 이중 while",-
11470,bem93,배샘 C 문법 8 - while 기본 ,-
10563,insukvomn,와이즈만 - if문 for문 테스트,-
10486,insukvomn,하우스터디 4 - if문 for문,-
175,yukariko,반복문이 뭐죠? 먹는건가요?,-
7752,soo7652,"자료구조(스택, 큐, 덱) (hard)",-
2027,jh05013,캠프 파티 (Large),-
4052,gogowjdgo1,my_그래프2,-
4051,gogowjdgo1,my_그래프1,-
4048,gogowjdgo1,my_시간복잡도,-
309,mendou12,배열 구간을 건드리는 문제,-
8998,jinhan814,Theme 02. STL 자료구조 - list,-
9003,postcookie,Week 5 : DFS/BFS 스터디 1,-
15380,naeby,기말,-
11927,serajang99,배열,-
11053,subin0630,Python 문제집,-
10171,loveyourself,Maximum Flow & Bipartite Matching,-
11730,specidiee,초록책 정복: 7장 [그래프 알고리즘],-
11670,3juhwan,파이썬 문제집,-
11552,jdch0795,올데이-파이썬1단계(출력),-
11220,knon0501,트리,-
15151,hjk6322,DFS을 부셔보자,-
6032,nbsp1221,피보나치 수 시리즈,-
13285,nampluskr,최단거리 이동 - 출발점/도착점,-
12020,wjdckfrl55,3.반복문,-
11984,wjdckfrl55,2.조건문,-
11982,wjdckfrl55,1.입출력 및 사칙연산,-
11926,serajang99,기본 입출력,-
11916,roddy2005,교내 예선,-
11717,3juhwan,파이썬_문제집,-
11659,s_code,추가 조건문,-
11475,bem93,"배샘 C 문법 12 - 누적해서 더하기, 다양한 조건",-
11473,bem93,배샘 C 문법 11 -  for 기본,-
11469,bem93,"배샘 C 문법 7 - 복잡한 조건문, switch",-
11468,bem93,배샘 C 문법 6 - 연속적인 조건 else if,-
11458,kkozymo,알고스,-
11446,growthmk,대평고등학교 파이썬콜 동아리 5월 27일 활동,-
11445,bem93,"배샘 C 문법 5 - 시간, 분 나타내기",-
11444,bem93,배샘 C 문법 4 - 단일 if,-
11443,bem93,"배샘 C 문법 3 - 아스키, 증감연산자",-
11442,bem93,배샘 C 문법 2 - 연산과 자료형 산술연산,-
11341,growthmk,대평고등학교 파이썬콜 동아리 5월 13일 활동,-
11227,wicaduce,파이썬더 스터디 6주차 문제집 (10개),-
11026,growthmk,대평고등학교 파이썬콜 동아리 4월 8일 활동,-
10873,hiarc_official,하이아크 2022-1 알고리즘 스터디,-
10340,insukvomn,입출력 테스트,-
9776,tizmfns1218,2주차,-
9290,r4pidstart,3. 정렬,-
9288,r4pidstart,2. 수학,-
9287,r4pidstart,1. 브루트포스,-
9286,r4pidstart,0. 튜토리얼,-
9154,donghp,Stack 연습,-
7824,hoony6134,과제1,-
7780,ipflegen,week0 - 맛보기,-
7406,ksjlinker,판단문 문제,-
7405,ksjlinker,사칙연산 문제,-
7340,jungseungtv,화명고 2021 프로그래밍 동아리 2학년 문제,-
6034,nbsp1221,수 정렬하기 시리즈,-
6030,nbsp1221,A + B 시리즈,-
5176,xivnick,조건문 문제집,-
5140,xivnick,입출력 문제집,-
4478,abcdefg,B-10,-
4477,abcdefg,B-9,-
4476,abcdefg,B-8,-
4475,abcdefg,B-7,-
4469,abcdefg,B-1,-
4468,abcdefg,A-13,-
4467,abcdefg,A-12,-
4465,abcdefg,A-10,-
4464,abcdefg,A-9,-
4463,abcdefg,A-8,-
4462,abcdefg,A-7,-
4461,abcdefg,A-6,-
4460,abcdefg,A-5,-
4459,abcdefg,A-4,-
4458,abcdefg,A-3,-
4457,abcdefg,A-2,-
3349,ssw3095,치악고 프로그래밍 동아리 I/O(test),-
2308,insukvomn,하우스 수업2 - 사칙연산,-
2307,insukvomn,하우스 수업1 - 입출력하기,-
2143,plum,쉬운 코딩테스트 대비,-
2079,doubler,doubler_1 : 수학 및 비트조작,-
1970,csi013,풀꺼2,-
1959,mygumi,소수,-
1905,kjm1234,DP,-
1695,cereme,CAUISMOSE2018,-
548,djdj159,서울아이티고등학교 면접문제집,-
6951,sobu0715,Divide and Conquer,-
3319,hoontweety,다이나믹 프로그래밍,-
5061,whdgurclzls,라이 32. 이중연결요소,-
4773,sohnryang,추억의 '내리 갈굼',-
3097,comet,간만에 알고(1),-
11244,rg970604,건회100제,-
10897,wjd2632,단대소고 단기속성 2,-
10896,wjd2632,단대소고 단기속성 1,-
7744,soo7652,투 포인터,-
7968,o98123,출력 연습 문제,-
12829,redblacktree,큰돌 1~2주차 ,-
10024,fastru,세그먼트 트리 - II,-
704,hyowon6724,"갱신,정렬,배열",-
7215,a0103932,이런 저런 문제들,-
6938,rose0122,숨바꼭질,-
10140,hopedream,알고리즘 수업 - 행렬 경로 시리즈 (MenOfPassion),-
10108,hopedream,알고리즘 수업 - 시리즈 3 (MenOfPassion),-
7769,soo7652,그리디 (hard),-
1156,cofeal,python SIG,-
322,isac322,운,-
11321,dongwondavid,철덕들을 위한 문제집,-
13716,omsluck,미친상어들,-
10346,zooyeonii,코딩테스트 복습용 zip,-
1685,shiftpsh,해석기하학,-
6618,wdj0729,ndb796 컬렉션,-
8468,chkun3109, 중요한 문제 & 못푼 문제,-
656,namnamseo,아침을 여는 꿀문제,-
1650,guardian_demon,의지충만#3 : 배열또는 포인터,-
1667,hundaeding,삼성대비,-
1210,samsam1129,삼성,-
201,h0ngjun7,Hash,-
11013,kkum94,싸피8기 합격기원,-
6869,daejjyu,"알까기 3주차: 유니온 파인드(Union-Find), 구간합 배열(Prefix Sum)",-
13855,gyp93,160_1,-
15589,ian0704,플5~플3 그리디 뿌시기,-
11273,dhwjdrb1234,구현하다 죽으리...,-
10904,edwardblue,ALPS 2022-1R 초급 1주차 문제,-
10903,edwardblue,ALPS 2022-1R 초급 2주차 문제,-
8638,tony9402,FastCampus 문제 5 SET,-
1576,wlwjdgks123,완전탐색,-
1504,jhlee1108,Queue,-
10654,edwardblue,2022-1R ALPS 중급 스터디 선수조건,-
2321,singun11,복습하자,-
12211,kangminchang11,백준_알고리즘 기초 2/2 문제 모음,-
8856,tommy1610,9주차,-
5065,whdgurclzls,라이 35. 이분매칭,-
5060,whdgurclzls,라이 31. 강한 연결 요소,-
7700,soo7652,삼성 문제집,-
710,ritter811216,"그리디,탐욕법",-
9683,jinhan814,Theme 06. 다이나믹 프로그래밍 - (1),-
9261,jinhan814,"Theme 03. STL 알고리즘 - min_element, max_element",-
13718,poiuy98749,알고리즘 기초 1/2,-
13365,qkdkad,week0: Basic Skills,-
14381,meozigoon,난해한 문제 모음,-
12872,sb00lgs,jungol.co.kr1,-
10842,bem93,배샘 알고리즘 - 정올 중등부 2,-
10841,bem93,배샘 알고리즘 - 정올 중등부 1,-
1400,poketred12,그리디가보자,-
1042,mok05289,연습용_0131까지,-
279,pinebananais,Unitsoft대비반,-
12995,kdhc7777,이분탐색,-
14316,kdhc7777,LCA (최소 공통 조상),-
15533,ilovehm95,취업이 하고 싶어요(Gold),-
336,onjo0127,별찍기 season 2,-
12192,yujing315,알고리즘 문제 - 8/2,-
15243,faper,지문이 짧은 문제 모음,-
10213,ruby02,초심자를 위한 브루트포스 알고리즘,-
13593,inhyuk05,재귀,-
67,alex9801,Something Special,-
8380,jinhan814,"Theme 02. STL 자료구조 - array, vector",-
15191,cajun7,4월 3주차,-
12946,kyum8562,겸연쩍다,-
11858,cajun7,220701,-
10088,kdh6429,꿀 문제들,-
10087,kdh6429,꿀잼 문제들,-
8641,cajun7,6주차,-
1443,sotjs12,기본 알고리즘 이해,-
7516,sop369,❗다익스트라❗,-
11204,dbwoals0513,DP 기본,-
2462,jugol,Tree 와 재귀함수 연습문제 from jinyo,-
6080,phcdream,solve.ac CLASS 6 ESSENTIAL,-
6079,phcdream,solve.ac CLASS 5 ESSENTIAL제외,-
5131,psj1028,그리디 기초,-
3573,daejjyu,에라토스테네스의 체,-
1602,snowman,벨만포드 모음,-
3493,daejjyu,분할정복,-
7747,soo7652,이분 탐색,-
9556,kadragon,PSCA-P1-RB-END,-
3570,daejjyu,"리스트, 배열, 스택, 큐, 덱, 우선순위 큐",-
10119,jihwan0319,c++연습하기!,-
11474,jihwan0319,연습하기 좋은 실버문제들 ,-
5523,pks9013,트리 그래프,-
386,algoshipda,비슷한 느낌,-
3526,ggi411,알고리즘-문제풀이PS-시작하기 -입출력,-
12533,litan36,IM 대비,-
1557,koosaga,쉬운 문제집,-
14476,tjdrhdrkqns,A형 대비 문제 리스트,-
5747,nothanjae,틀릴수없는문제집,-
173,yukariko,암걸리는 경우의수,-
13915,kimbro6,plzrun's님 추천 문제 (1) : 입출력 ~ 이런저런 문제,-
10891,heyksw0208,2023 코테 [트렌드 유형],-
11061,benedict0724,나코더,-
803,exqt,프로그래밍 콘테스트 챌린징 책에 나오는 문제들,-
833,cokcjswo,큰 수 처리,-
15583,dk10211,하루에 하나씩 플레 그리디,-
6168,qwer3375,자바공부,-
12873,max1495,별이2개,-
12742,max1495,학교,-
1956,kks227,오프라인 쿼리,-
8196,dragons6641,solved.ac CLASS 10+,-
8195,dragons6641,solved.ac CLASS 9+,-
8194,dragons6641,solved.ac CLASS 8+,-
8193,dragons6641,solved.ac CLASS 7+,-
1967,kimsy96,이분탐색 도전하기 ,-
14669,ghd8878,씨큐브 KOI 중등부 스택,-
13184,guswns137,20221104_스택,-
13035,guswns137,20221015_이분매칭,-
3571,daejjyu,"트리, 이진 검색 트리",-
93,wwiiiii,팩토리얼,-
13168,jonghp1128,김기원 보라,-
2125,kks227,DP with factor reducing,-
12832,redblacktree,큰돌 7~8주차,-
12831,redblacktree,큰돌 5~6주차 ,-
12830,redblacktree,큰돌 3~4주차,-
5504,pks9013,"스택,우선순위큐",-
5349,pks9013,"기하,구현",-
4179,pks9013,위상정렬,-
10852,kimjea1999,그리디 정복하기,-
8737,wnguscjf01,MATHISON 화이팅 2,-
8736,wnguscjf01,MATHISON 화이팅 1,-
1707,snowman,계산기하학,-
12334,gunho0406,세영C&T 정올반 문제집,-
10837,bms2002,컴프1 스터디,-
4687,gil4260,sw마에대비,-
219,dudn134,만들기,-
155,wnsqlehlswk,여자친구가 있는 문제,-
5249,cozyyg,KOI 지역본선 초등부 1번 모음,-
2952,kumjinwoo,배열,-
11572,sungwon326,BFS 연습 문제,-
12068,eirinlove,정보처리기사 ,-
12056,ktwqwe12,브루트포스와 백트래킹을 지금 막 배운 그대들을 위한 문제집,-
11766,morer,LG전자 LGE Codejam 대비,-
6939,daejjyu,"알까기 4주차: 트리(Tree), 이진 검색 트리(BST)",-
2833,domece,정규식 흑마술 모음,-
13374,qkdkad,week9: brute-force search and simulation,-
13373,qkdkad,week8: greedy,-
13372,qkdkad,week7: binary search and divide&conquer,-
13371,qkdkad,week6: DFS/BFS applications,-
13370,qkdkad,week5: DFS/BFS,-
13369,qkdkad,week4: dynamic programming,-
13368,qkdkad,week3 : recursion and sort,-
13367,qkdkad,week2: data structure,-
13366,qkdkad,week1: mathmatics,-
432,wwang96,Brute Force,-
10655,edwardblue,2022 ALPS 초급 스터디 선수조건,-
13085,veonico,다솜이 문제집,-
5068,whdgurclzls,라이 38. 디닉 + 호프크로프트 카프,-
5066,whdgurclzls,라이 36. 최소 컷,-
5059,whdgurclzls,"라이 30.  오일러 경로, 오일러 회로",-
6504,jonahan,진법 변환하기(Easy),-
11119,j2ssicaalt,정올 대비 (Tier: 3),-
837,hundaeding,최단경로,-
11113,fncberry,백트래킹 입문문제,-
4,baekjoon,간단한 수학 문제,-
10249,dlckdgusww,2022_02_2,-
10443,tinoon18,단기간 실력 올리기 Day1,-
14721,gusxo3975,알고리즘 스터디 A조,-
7616,healing5746,알고리즘 스터디2,-
12686,co1dtype,인공지능 시리즈,-
1878,dtc03012,league of dp,-
10463,tinoon18,단기간 실력 올리기 Day4,-
10453,tinoon18,단기간 실력 올리기 Day2,-
9975,rmfotjanj1234,다익스트라 알고리즘,-
2056,yaji0510,"DFS, BFS",-
10464,tinoon18,단기간 실력 올리기 Day5,-
4777,dbals4818,🐳🐳,-
10666,knon0501,비트마스크,-
13512,scbsoccer,브루트포스 (필수),-
15502,chestnut1044,직접 만든 코테용 문제 모음 01 자료구조,-
1064,DryType,GREEDY,-
15622,healgorithm,체인지업 스터디,-
11183,changwan327,아이고리즘 스터디 전용 문제집,-
7011,luke1046,코딩하는 감자가 되자,-
4715,daejjyu,입출력,-
1271,seul1224,알고리즘 수업,-
12710,s_code,추가 1차원 배열,-
527,us0908,한국정보올림피아드 기초부터 탄탄하게 준비,-
315,koosaga,사과,-
97,portableangel,한번에 맞기는 힘든 문제,-
8783,klimmek55,ALPS 2021 중급 알고리즘 연습 선수조건,-
7063,jkuk5046,ALPS 2021 초급 스터디 선수조건,-
10773,dlckdgusww,2022_03_4,-
10721,dlckdgusww,2022_03_3,-
10598,dlckdgusww,2022_03_2,-
7776,soo7652,문자열 (hard),-
6617,sobu0715,String,-
5576,miryu,"최단경로, MST",-
3098,comet,간만에 알고(2),-
1501,lyzqm,트리순회,-
8406,kidw0124,그리디,-
232,dudn134,엥? 이거 풀었던건데,-
10577,rhdqor213,2022 1학기 0&1 변태1반 테스트,-
13,baekjoon,소수,-
4401,danimartinwife,🎸기타 시리즈[코테대비] with 전인혁(야다)🎸,-
11268,toadzilla,빡구현 부수기,-
13739,man_of_learning,ALPS 2023 Spring Intermediate 선수 조건,-
10592,bomul1128,삼성 Ad+ 추천 문제,-
890,kium100,DP,-
12837,redblacktree,dynamic programming ,-
3732,pks9013,DP,-
15667,clairecs,1학년 1학기 2차지필 문제 모음(지훈T),-
13419,insightforward,Do it 알고리즘 코딩테스트 41-50,-
13418,insightforward,Do it 알고리즘 코딩테스트 31-40,-
14409,BaaaaaaaaaaarkingDog,부록 A - 문자열 기초,-
10961,jekey,기초알고리즘,-
4714,kjw2007,나를 위한,-
2135,kjw2007,누구나 문제,-
13206,jonghp1128,김기원 보라3,-
13171,jonghp1128,김기원 보라2,-
15383,saa4563123,동준이를 위한 개쩌는 문제집 No.1,-
13057,wisewish,코딩테스트 대비 자료구조 스터디,-
7265,gksthdgns3,다익스트라,-
5934,khg878,알고리즘 스터디 DFS/BFS,-
3490,daejjyu,PS시작 - 이런저런,-
2534,tjans1457,꼭하자!,-
2106,gloomy,DataStructure & Algorithm,-
1563,jexly,자료구조 재귀,-
1506,jhlee1108,Deque,-
1448,bubblepop,도전해보자,-
1432,rigel129,풀어봅시다,-
1065,DryType,Binary Search,-
948,dotorya,4페이지,-
846,hundaeding,완탐,-
820,cokcjswo,스택 ,-
401,king102900,복습하기-DP,-
400,king102900,복습하기-백트래킹,-
399,king102900,"복습하기-탐색(BFS,DFS),다잌",-
14319,saeilee,"자료구조 : 투포인터, 슬라이딩 윈도우",-
15381,xeo2,지훈T,-
15256,xosid0330,어려워도 너무 어려운 문제,-
1386,operaghost,초급,-
326,baekjoon,타일,-
1105,staphaniek,알고리즘 스터디 선발고사,-
196,xornrbboy,규연이형,-
12885,qseft523125,자료구조,-
11145,math_rabbit_1028,PS의 기하급수적인 난이도 상승을 체험할 수 있는 문제집,-
10631,sierra_9707,다익스트라 연습문제,-
825,jh05013,하노이 탑,-
15307,kkancho,정렬,-
11864,alswn9938,방학알고리즘(2),-
8225,inhyuk05,1주차,-
642,ehdtjskaqhd,LCS,-
8177,boxresin,2021 UCPC 대비하기,-
14436,seungwuk98,ssafy 9기 22반 문제집 - dp,-
14443,saeilee,자료구조 : 스택과 큐,-
13985,saeilee,"Week1. 구현, Tree",-
127,yukariko,TEXT CHALLENGE,-
15566,iroomoon914,코딩 입문 2단계 - 조금 쉬움,-
12791,pridom1118,구현의왕그위대한첫걸음떼기가너무두렵다,-
1582,losthistory,삼성전자 필승,-
1202,nano6384,샘숭 sw역량 준비,-
14608,cheddar,IM,-
5369,hongcheki,재미진 파이썬 공부!,-
200,adream,가나다라마바사아자차카타파하,-
4333,sjkwon9707,피보나치씨 보고계신가요?,-
1120,mrpjs21c,쿼리,-
9927,ks0624,자료구조2 추천 문제집,-
10878,growthmk,대평고등학교 파이썬콜 동아리 4월 1일 활동,-
2961,ksjlinker,출력 문제,-
2518,nsj6646,랜덤 시리즈,-
12237,sunshine0070,광주4스터디(8월),-
11747,kjhdavid,제목이 회문으로 시작하는 문제들,-
9967,rmfotjanj1234,비트마스킹,-
8407,kidw0124,정렬,-
6616,sobu0715,"Stack, Queue, Deque, Heap",-
733,onjo0127,DP 입문,-
256,kks227,Parsecalibur,-
13205,cds06126,최고이김2,-
14568,hoonwin02,2023_1 TCP 알고리즘 기초 스터디,-
15880,0614thankyou,대곽 1학년 2차 지필 대비 - (수정),-
15169,worend365,코테-dp,-
15168,worend365,코테-그리디,-
10452,dlckdgusww,2022_03_1,-
819,cokcjswo,자료구조2,-
5,baekjoon,이석원,-
13860,roynine,컴프 공부하기,-
829,cokcjswo,그래프 기본 개념,-
11156,hongii2,트리dp 모음집,-
9991,guswns137,20220115_유니온파인드,-
13916,kimbro6,"plzrun's님 추천 문제 (2, 끝) : bfs,dfs ~ 완전탐색",-
6169,ritter811216,기본 연습 문제,-
11765,kritias,UCPC2022 대비용 문제집,-
10843,w7qt,1분컷 문제 모음집,-
1752,cake_monotone,기초문제,-
14671,ghd8878,씨큐브 KOI 중등부 투 포인터,-
12743,dlckdgusww,2022/09/4주차,-
6097,taejin1221,Sangmyung ICPC Team 20/12 Test,-
11369,cbkpar,게임,-
7219,a0103932,그리디,-
5158,thornsal,그리디 알고리즘,-
1078,cokcjswo,위상정렬,-
1004,cokcjswo,LCS,-
830,cokcjswo,PCC 교재 문제 추가중,-
805,cokcjswo,순열,-
595,cwchoi00,다이나믹프로그래밍,-
11563,dongwondavid,KOI 브론즈 모음집,-
12129,brong,파이썬 기초,-
11148,monica0326,삼전대비 Lv1,-
14911,ga1754,양고리즘 [그리디 알고리즘],-
11300,tommy1610,14주차,-
10994,tommy1610,11,-
10847,tommy1610,10주차,-
10779,tommy1610,9주차,-
10724,tommy1610,8주차,-
10221,tommy1610,2022/5주차,-
12386,karma_os,코테대비,-
13117,hongii2,그리디 골드,-
11208,dbwoals0513,문자열 처리 기본,-
15666,ga1754,양고리즘 [해시],-
12865,max1495,back-tracking,-
11449,cds06126,최고이김,-
2015,hjbang,FW Test,-
13769,o9j8w7,유사코 골드상위 박살,-
11734,specidiee,초록책 정복: 2장 [프로그래밍 기법],-
15810,tkdwls1557,별 찍기,-
15663,claireku,Vector + Lambda,-
15598,claireku,Stack + Queue,-
12957,lgmcfired,두산_코린이탈출,-
6027,nbsp1221,돌 게임 시리즈,-
15858,jhnah917,2023-1 SCCC 부회장 오마카세 (Medium),-
15857,jhnah917,2023-1 SCCC 부회장 오마카세 (Easy),-
11424,jonghp1128,내가 틀린 것들,-
9925,ktwqwe12,그래프탐색을 지금 막 배운 그대들을 위한 문제집,-
2513,jugol,DFS / BFS 모음 from jinyo,-
12736,knon0501,코테대비문제집3,-
12705,knon0501,코테대비문제집2,-
15276,publicminsu,닌텐도,-
13768,imcy0104,BRONZE 4 ALL SOLVE (3/3),-
255,cubalys,재밌는 문제들,-
15610,adam123,한국정보올림피아드 중등편,-
4067,jhkk,silver I;,-
1479,jhlee1108,Dynamic Programming,-
1891,annaria,LIS,-
14915,suhodnkla,나는 CHT 마스터가 될꺼야,-
14811,qowlgur121,알프스 c스터디 c조 1주차,-
13229,dlckdgusww,2022/11/3주차,-
11790,micho729,코테준비 8,-
11789,micho729,코테준비 7,-
11788,micho729,코테준비 6,-
11787,micho729,코테준비 5,-
11786,micho729,코테준비 4,-
11785,micho729,코테준비 3,-
11784,micho729,코테준비 2,-
11783,micho729,코테준비 1,-
9561,andy15701,이분탐색 기초,-
707,hyowon6724,"아스키,유클리드호제,숫자분리,시계 등",-
15925,leejs8235,알정 1주차 문제 - 기본 자료구조,-
16027,jwst0210,우주,-
15807,kdhc7777,최소비용 최대유량,-
13188,rkdqja,보훋겜2,-
7628,seungho4136,c언어,-
2124,shinhj88,그래프 연습,-
15943,sungku2757,algo_18week,-
8854,hiarc_official,HI-ARC 신규 회원,-
13719,poiuy98749,알고리즘 기초 2/2,-
10468,tinoon18,단기간 실력 올리기 Day9,-
10467,tinoon18,단기간 실력 올리기 Day8,-
10465,tinoon18,단기간 실력 올리기 Day6,-
10462,tinoon18,단기간 실력 올리기 Day3,-
14947,kkancho,~기초탄탄~ 코딩,-
13730,rhkswls98,UMC 코테스터디 문제집,-
10117,dlckdgusww,2022_2_1,-
448,onjo0127,웃긴 문제들,-
15360,benchpress,Tony님문제-골랜디-2,-
15359,benchpress,Tony님문제-골랜디-1,-
997,wowoto9772,종합 재재새,-
11050,j2ssicaalt,정올 대비 (Tier: 1),-
10580,j2ssicaalt,DP? 그리디?,-
10098,qhsl1213,그리디,-
5636,syw5141,문자열,-
14889,dlalsdnd2,algo_10week,-
10895,heyksw0208,2023 코테 [전체 유형],-
12086,wjdckfrl55,9.그리디,-
12051,choijun0627,11. 그리디,-
11045,donghp,그리디(정올),-
10169,knon0501,그리디,-
9962,rmfotjanj1234,탐욕적 기법,-
9933,hda8297,알고문제_그리디,-
9752,musukgang,그리디,-
7786,redoc,Sungyi를 위한 그리디 입문,-
7084,sobu0715,Greedy,-
1991,lja9702,탐욕법 ,-
1555,wlwjdgks123,Greedy,-
1484,jhlee1108,Greedy,-
806,quki,그리디,-
8,baekjoon,체스,-
5825,kdog1503,NDB 선생님의 이것이 코딩테스트다 문제집 - Part2,-
13807,dlwntmd5847,그리디 알고리즘,-
9724,applied7076,어쩔문제집 -구현편,-
14773,hno05039,이루어질 꿈,-
13745,kdhc7777,백트래킹,-
12333,songtaehwan,문제네 집,-
8408,kidw0124,재귀,-
13857,gyp93,160_3,-
13856,gyp93,160_2,-
8345,ramic,배열 돌리기 시리즈,-
9039,jyongyong5606,C언어 - 반복문,-
408,vumbumy,기초다지기,-
13833,tngks1995,자료구조,-
12151,ktwqwe12,적당히 난이도 있는 DP문제를 찾는 그대들을 위한 문제집,-
12123,ktwqwe12,분할정복을 지금 막 배운 그대들을 위한 문제집,-
12069,ktwqwe12,이분탐색을 지금 막 처음 배운 그대들을 위한 문제집,-
9036,kadragon,PSCA-P1-RB-05,-
8969,kadragon,PSCA-P1-RB-04,-
14922,dlckdgusww,60,-
10032,mrchanwoo,AD 만들기,-
4456,abcdefg,A-1,-
2726,sunchan77,정보 올림피아드 2018,-
6970,sis03017,정렬,-
5641,syw5141,분할정복,-
13717,cyberants,22W-Python 공부,-
2893,kumjinwoo,반복문,-
9577,livra1018,바이토닉 투어 기초,-
6086,yedamdamdam007,여러분의 정답율이 달려있습니다,-
13534,sigening2774,Nextop Problemset - M2,-
14611,sprout_429,2023 ALPS 초급 스터디 선수조건,-
13276,jonghp1128,김기원 보라4,-
1988,CookieHCl,백준 랜덤 문제,-
15536,larpore2,현대그룹 유사기출 (지속 업데이트),-
11093,roy1109,별찍기(이중 포문 복습),-
14973,msth68,챕터2,-
14910,sojin9619,C언어의 기초,-
12421,jiwoo0713,Silvers 5~3,-
14610,sprout_429,2023 ALPS 중급 스터디 선수조건,-
14975,claireku,0331,-
8573,optimize21,알고리즘 공부,-
14442,simbaba,싸피9기 서울8반 APS 대비,-
13684,cj2013,SW Reskilling_알고리즘,-
13683,cj2013,SW Reskilling_자료구조,-
13599,cj2013,SW Reskilling_C프로그래밍,-
11744,specidiee,초록책 정복: 시작 전에 풀어보면 좋은 기초 문제,-
4967,ggbbng,코드잼 모의고사 1,-
15897,shlee36,자료구조,-
13286,nampluskr,최단거리 이동 - 확산 시뮬레이션,-
13134,nampluskr,연결요소 찾기 - 기본/응용,-
15030,creeper0809,마법사 상어,-
250,zzapCoder,Morgorithm 추천 문제모음 03,-
2908,kumjinwoo,함수 & 수학,-
251,arine,Sogang ACM-ICPC Team 신입생 C언어 스터디 #2,-
1819,kcaladram,힙 쓰는 문제,-
10427,insukvomn,하우스터디 3 - if문 for문,-
15259,yyechan,분할정복,-
182,supernova,토끼와 거북이,-
12913,sy9723,USACO Bronze 2015-2022,-
5642,syw5141,"정렬, 탐색",-
13401,karmaup,완전탐색,-
4480,abcdefg,B-12,-
10859,pl8435,1주차(테스트),-
15310,guswns137,씨큐브 KOI 중등부 모의고사,-
11352,songibusut,koi 초등부 1차 준비 문제,-
13146,dlckdgusww,2022/11/1주차,-
5555,pks9013,문제풀기,-
10404,hiarc_official,HI-ARC 필수 문제집,-
15161,worend365,코테-그래프탐색,-
5694,seonghyukshin,꼭 알아둬야할 문제,-
15000,choyj416,이상한 문제들,-
8348,cross_ratio,그리디 알고리즘,-
11023,pl8435,2주차 과제,-
10860,pl8435,1주차(과제),-
13187,rkdqja,보훋겜,-
10844,ahah525,탐색,-
11768,junhwan26,KOI 초등부,-
4611,thealmightydenver,Union_Find,-
13193,sunhe1218,초보 천천히 성장하기 ,-
8885,kadragon,PSCA-P1-RB-03,-
13625,sigening2774,Nextop Problemset - M5,-
13624,sigening2774,Nextop Problemset - M4,-
13623,sigening2774,Nextop Problemset - M3,-
13536,sigening2774,Nextop Problemset - E5,-
13535,sigening2774,Nextop Problemset - E4,-
13531,sigening2774,Nextop Problemset - E3,-
13530,sigening2774,Nextop Problemset - M1,-
13529,sigening2774,Nextop Problemset - E2,-
13528,sigening2774,Nextop Problemset - E1,-
9188,rjsdn2663,008_이진탐색,-
12693,ldj050101,INCLUDE 2022 하반기 추가모집,-
12755,joungmin0861,몰랑 파이썬,-
15591,110000110101,커리큘럼 7주차,-
14925,seul1219,A형 대비,-
12443,jaemkim01,노베 극복 문제집,-
15865,marksung,쉬운 브론즈5 문제 모음 1,-
11915,dh5473,deep daiv. 파이썬 1주차,-
9120,kadragon,PSCA-P1-AS-03,-
8886,kadragon,PSCA-P1-AS-01,-
15057,junsong96,알고리즘 스터디 5주차,-
8781,purpcloud,wecoding,-
11205,dbwoals0513,정렬 기본,-
10573,tij091411,코딩 입문,-
5986,pks9013,최대유량,-
1837,jwvg0425,2. 조건문,-
1077,slimshady5,forTest,-
847,cokcjswo,정렬,-
13588,zaq615,요정🧚‍♀️,-
13694,imcy0104,BRONZE 4 ALL SOLVE (2/3),-
13692,imcy0104,BRONZE 4 ALL SOLVE (1/3),-
8099,powercoding,divide and conquer,-
894,h0ngjun7,세준,-
15535,dennydragonhydra367,별찍기,-
6606,jonahan,진법 변환하기(Medium),-
654,hwangtmdals,정올 간단한 문제,-
13320,knon0501,코테대비문제집5,-
7212,jatyu62,이코테 2주차 ,-
4844,pks9013,우선순위 큐,-
12289,jdch0795,"	올데이-파이썬2단계(변수,입력)",-
14644,h2002y,다익스트라 GOLD,-
13603,scbsoccer,추천 문제 - 그리디,-
11235,sohnyounghan,경시 모든 문제 집합,-
7987,solee328,코테 대비 문제집,-
6000,gusrb406,유사코 플레티넘,-
665,usj0119,A+B와 별 찍기,-
13319,dlckdgusww,2022/11/4주차,-
15290,gitcommit,Become a Coding Expert,-
1487,jhlee1108,Divide and Conquer,-
11743,iansong,"1학년 1학기 기말(함수, 재귀함수, DP, 구조체)",-
15789,7171won,대곽 1학년 1학기 2차 지필평가,-
12134,hyunjin04,2022 ICON 8조,-
12032,wjdckfrl55,5.배열(리스트),-
11144,dongwondavid,설곽 2022 1학기 중간고사 대비,-
14953,locotive,C언어,-
899,goooora,발상의 전환,-
15664,claireku,Map,-
8103,us0908,정보 기초 다지기,-
4718,yky2798,기초체력 키우자,-
11529,qwertyz,C언어 - 마무리 문제(구현문제),-
5560,hooya,진양고.1,-
10344,xffff,<BNF> ::= ε,-
10327,xffff,🍅 토마토,-
5838,khg878,알고리즘 스터디 그리디 화이팅,-
15888,star1475,대곽 2차 지필 대비 코딩 문제,-
178,eric4266,COCI 쉬운 문제,-
409,steve77,Dynamic Program !!!,-
12557,sy9723,리스트,-
9728,itinbangk,종만북 그래프 시리즈,-
368,kbu1564,Problem Solving,-
9624,ryan0808,강동욱 쌤 기말,-
9490,kadragon,PSCA-P1-RB-10,-
9446,kadragon,PSCA-P1-RB-09,-
9366,kadragon,PSCA-P1-RB-08,-
9302,kadragon,PSCA-P1-RB-07,-
9110,kadragon,PSCA-P1-RB-06,-
6312,daejjyu,"정글 4주차 - DP, 그리디",-
6155,daejjyu,정글 3주차,-
6098,daejjyu,정글 2주차,-
12451,hyeinjoah,알고리즘 기초 - 복습 1 (자료구조 / 다이나믹 프로그래밍 / 브루트포스 / 그래프),-
245,zzapCoder,Morgorithm 추천 문제모음 01,-
10972,hhseok960_python,데구알 유형 부수기 - 선형 자료구조,-
10762,rhdqor213,숏코딩2,-
5940,eunsolz,쏘거엄,-
14604,shin421179,SSAFY에서 만난 친구들,-
2252,singun11,기초 입출력,-
15306,ghd8878,씨큐브 KOI 초등부 모의고사,-
14874,qowlgur121,알프스 c스터디 c조 2주차,-
3307,workbase123,dfs/bfs tutoring,-
15607,locotive,C언어,-
11166,neil1028,..,-
5634,syw5141,입출력,-
1607,pangshe10,정렬,-
9359,als398,자료구조,-
4762,gil4260,SWMAE,-
2025,jh05013,캠프 파티 (Small),-
89,ctp,CTP 2014 상반기 스터디,-
14366,guswns137,씨큐브초등부문제집2,-
13847,guswns137,20230118_정올중급,-
1491,green2potato179,for,-
14110,midori,아니메컵,-
11436,dlckdgusww,2022_05_25,-
10857,jalapen0_p1ckle,진산중 연습,-
8788,2005rladudwo,Voronoi Diagram,-
12521,cordelia357,mtvs2주차,-
12264,cordelia357,mtvs1주차,-
12335,dh5473,deep daiv. 파이썬 5주차,-
12136,dh5473,deep daiv. 파이썬 3주차,-
7748,terra2007,별찍기 기초,-
6085,khg878,알고리즘 스터디 dp,-
898,il9252,KOI 지역예선,-
14226,enkeejuniour,위상 정렬,-
14073,bnb2011,JOI 부수기 2,-
13376,kdhc7777,투 포인터,-
13351,kdhc7777,슬라이딩 윈도우,-
13280,lem0nad3,기하 한 스푼,-
12035,dh5473,deep daiv. 파이썬 2주차,-
11502,seastar105,사전지식 고티어문제,-
815,cokcjswo,DP 최적화,-
1963,mic1021,알고리즘 기초1,-
2702,sohnryang,벽 부수고 이동하는 문제들 모음,-
80,kms0526,False beginners,-
9775,tizmfns1218,1주차,-
12987,wls4845,dfs+bfs for 승현♥,-
6226,hj4623,한주의 즐거운 코테 강의,-
7408,ksjlinker,1차원 배열 문제,-
7407,ksjlinker,반복문 문제,-
14364,guswns137,씨큐브초등부문제집1,-
2117,jh05013,jh05013,-
9631,djdj159,진주소프트 2021 기술면접,-
11815,toygoon,Reviewing C,-
1718,kinssang,USACO Training 기출,-
12575,dh5473,deep daiv. 파이썬 8주차,-
12497,dh5473,deep daiv. 파이썬 7주차,-
12435,dh5473,deep daiv. 파이썬 6주차,-
12239,dh5473,deep daiv. 파이썬 4주차,-
4289,pks9013,MST,-
10863,hsj5009,4/7 까지풀기,-
13390,bin7665,기초 문제3,-
13261,bin7665,기초 문제2,-
13139,bin7665,기초 문제1,-
78,WeissBlume,2014년 겨울스터디 with acmicpc.net - 가입문제,-
15725,rkaghwns,호준이의 문제집 - Essential 4,-
15724,rkaghwns,호준이의 문제집 - Essential 3,-
15723,rkaghwns,호준이의 문제집 - Essential 2,-
15721,rkaghwns,호준이의 문제집 - Essential 1,-
12348,kjhdavid,부스트캠프 연습,-
2105,shinhj88,자료구조 연습,-
14766,ga1754,양고리즘 백트래킹,-
14650,ga1754,교수님 추천 dfs와 bfs 문제,-
14647,ga1754,"[스터디] 양고리즘 DFS, BFS",-
14570,ga1754,양고리즘 IM대비,-
4937,altari_moo,그래프 HARD,-
8094,tnsgud9,A-SA 문제집-1,-
6830,sh26561,기초1,-
11441,bem93,배샘 C 문법 1 - 입출력,-
11491,rhkswls98,1주차,-
11816,heyum127,CodingIsHard,-
5693,hooya,진양고.2,-
16058,sapphire496,0706 JH 숙제,-
16051,sapphire496,7.4 H.M 숙제,-
16042,miseongk,메밀 알고리즘 뿌시기,-
16037,devruby,날먹 정수론 문제들,-
16035,sunso514,SYU Algorithm 1차시,-
16033,wlsgur348,2023 여름방학 백준 알고리즘 스터디,-
16031,shlee36,"최단경로, 이진 탐색, 분할 정복",-
16029,leejs8235,알정 3주차 문제 - 구현 & 시뮬레이션,-
16028,jintea01,골랜디1,-
16023,sapphire496,7.6 Leo 숙제,-
16022,sapphire496,7.3 남정내들 숙제,-
16014,moobin,쉬운문제치면 나오는데 왜이딴게 뜨냐,-
16004,sapphire496,7.6 H.H 숙제,-
16002,sapphire496,7.4 H.M 숙제,-
16001,dk10211,그리디 2주차 스터디,-
16000,sungku2757,algo_week19,-
15999,dlalsdnd2,algo_19th week,-
15991,110000110101,커리큘럼 9주차,-
15988,pluie,버블버블버블팝,-
15987,man_of_learning,System of Difference Constraints and Shortest Path,-
15986,lch8910,정렬-1,-
15981,sapphire496,6.29 H.M 숙제,-
15975,sapphire496,7.1 남정내들 숙제,-
15963,shlee36,"DFS/BFS, 브루트 포스, 백트래킹",-
15962,leejs8235,알정 2주차 문제 - 그리디,-
15961,qotndus951,재귀,-
15957,seous2,서우의 감옥 : 참고자료 도움 없이 혼자 풀어야 탈출 시켜줌,-
15955,wjdckfrl55,임준영,-
15947,sapphire496,6.27 H.M 숙제,-
15945,candysaj,2023-1 BINARY 코딩경시대회 1학년,-
15938,wnwoghd22,트리,-
15911,sjkim0423,1-1 기말 박지훈 T,-
15909,jiwoo0713,심심할때 푸는 문제들,-
15908,dk10211,1주차 그리디 스터디,-
15896,iccodly,내가 좋아하는 문제들,-
15895,dlalsdnd2,algo_17th,-
15894,sapphire496,6.22,-
15893,sapphire496,6.20,-
15892,sapphire496,6.20,-
15889,dlalsdnd2,상미웅병국,-
15873,hyeonho28,230610,-
15861,jhnah917,2022 SCCC 겨울 고급 강의 과제,-
15860,jhnah917,2022 SCCC 겨울 중급 강의 과제,-
15859,jhnah917,2023-1 SCCC 부회장 오마카세 (Hard),-
15809,hw2ny1,연습 문제집,-
15796,wnwoghd22,"DFS 스패닝 트리, 정점 압축",-
15780,yangpyeong,KOI 돌기,-
15777,infinity85485856,nowruz 시리즈,-
15762,gusxo3975,6/11 문제,-
15737,chaeondev,구현 조지기,-
15716,hijkl2e,CP4 Chapter 3.5 Kattis,-
15715,hijkl2e,CP4 Chapter 3.3-3.4 Kattis,-
15714,hijkl2e,CP4 Chapter 3.2 Kattis,-
15713,110000110101,커리큘럼 8주차,-
15712,infinity85485856,Double Crypt 시리즈,-
15711,infinity85485856,Sudoku 시리즈,-
15710,glacierl,트리,-
15704,ga1754,양고리즘 [세그먼트 트리],-
15695,chickenisyummy,이시대 최고의 국짱님,-
15687,chianti,파이썬 스터디,-
15668,ga1754,양고리즘 [애드혹],-
15665,ga1754,양고리즘 [구현],-
15659,pjoon0404,내 문제집1,-
15655,ian0704,세그트리 플래 끝장내기,-
15652,cmgjol010,2023 CTP 1학기 코테반,-
15651,pridom1118,핏자타임,-
15648,dkahfm04,2023 대곽 1학기 기말 (박지훈T),-
15645,wjdckfrl55,애드혹,-
15644,glacierl,난이도순 우선순위 큐,-
15626,ian0704,priority_queue && deque 뿌시기,-
15624,hys83751952,복습하자!! ,-
15623,suyeon12,ㅇㅌ헤이밥,-
15602,qotndus951,greedy,-
15596,sungku2757,알고리즘 17주차,-
15594,anfidthtn,추천문제들,-
15592,kongdp,스택,-
15590,younjisang,이중 for 문 - while ans,-
15579,mindlemin,이해승배 BFS/DFS,-
15558,ian0704,골1~플4 DP 뿌시기,-
15553,wnwoghd22,Union & Find,-
15549,110000110101,커리큘럼 6주차,-
15543,sseung_2,스터디_9주차,-
15540,dennydragonhydra367,올림피아드 초등부,-
15538,dennydragonhydra367,"A,B",-
15537,dennydragonhydra367,욱제,-
15534,qowlgur121,"알프스 c스터디 문자열, 이차원배열 문제",-
15532,kongdp,큐,-
15531,kongdp,스택,-
15525,powercoding,올림피아드 연습5,-
15524,htg1616,대구과학고 알고리즘 교실,-
15517,lch8910,그래프,-
15516,powercoding,정올연습4,-
15511,dlalsdnd2,algo_16th,-
15506,powercoding,정보올림피아드 연습,-
15503,chestnut1044,직접 만든 코테용 문제 모음 02 문자열,-
15494,powercoding,올림피아드 준비 3,-
15490,dmsxo,koi 1차 2교시 대비,-
15482,powercoding,올림피아드준비 2,-
15479,vladimirgluten,단대소고 애들 위치 확인용,-
15463,koreii,스스로 풀지 못한 문제들-2 (Platinum 이상),-
15449,powercoding,올림피아드준비,-
15442,betterthanyou,KOI/IOI 연습 (그리디&DP),-
15435,powercoding,정올 준비,-
15420,wjdckfrl55,기초수학 알고리즘,-
15392,110000110101,커리큘럼 5주차,-
15377,zustfancake,2023 디미고 사물인터넷서비스기획 테스트 연습문제 (반복문),-
15373,belle213,재미있는 거,-
15358,qowlgur121,알프스 배열 문제집,-
15357,unlimited0808,엄청 쉬운 koi 기출문제,-
15355,enddl3054,순열과 조합,-
15341,seokjin04041,순서대로쭉6,-
15340,seokjin04041,순서대로쭉5,-
15339,seokjin04041,순서대로쭉4,-
15338,seokjin04041,순서대로쭉3,-
15337,seokjin04041,순서대로쭉2,-
15336,seokjin04041,순서대로 쭉1,-
15335,jwcho99,기하,-
15334,jwcho99,동적 계획법(dp),-
15333,jwcho99,조합,-
15332,jwcho99,트리,-
15331,jwcho99,그래프,-
15329,jwcho99,정수론,-
15328,jwcho99,그리디,-
15327,jwcho99,탐색,-
15326,jwcho99,정렬,-
15325,jwcho99,자료구조,-
15323,sungku2757,5월 1주,-
15322,dlalsdnd2,algo_week15,-
15321,ga1754,양고리즘 [LIS 알고리즘],-
15320,aunps,DP N제 (골드),-
15318,imbeom35,추천문제,-
15309,seokjin04041,완탐 + DP + 그리디,-
15303,ga1754,양고리즘 [DP2],-
15302,ga1754,양고리즘 [다익스트라2],-
15293,dohi,신한은행 ICT 대비,-
15291,joy4166,GVCS MG 문제집,-
15287,tommy1610,6,-
15284,tommy1024,Training 1,-
15281,dlbae9613,기하 - CCW 연습 문제 모음,-
15279,faper,박찬호 모음집,-
15274,wjdckfrl55,16. 동적 계획법,-
15273,wjdckfrl55,15. 구간합,-
15272,wjdckfrl55,14. 투포인터,-
15269,dlalsdnd2,algo_14week,-
15268,wjdckfrl55,13.트리,-
15257,kimbh0412,게임만화,-
15253,qhsl1213,골드의 왕,-
15241,ga1754,양고리즘 [다익스트라],-
15240,sonhyeongwon,기하학,-
15239,seonghye0n,DP (Dynamic Programming),-
15238,seonghye0n,입출력,-
15202,tlsdydaud1,새로운 언어로 문제를 풀고 싶을 때,-
15198,penzer27,202304-05강철,-
15196,dzv,피코드,-
15194,pyb1031,재밌었던 문제들,-
15187,sungku2757,4월 3째주,-
15186,dlalsdnd2,algo_13week,-
15172,worend365,코테-최단거리,-
15171,worend365,코테-이분탐색,-
15167,worend365,코테-백트래킹,-
15166,worend365,코테-시뮬레이션,-
15165,worend365,코테-구현,-
15164,worend365,코테-완전탐색,-
15162,worend365,코테-자료구조,-
15150,ga1754,"이태성의 삼성 SW 역량테스트 A형 취득을 위한 (시뮬레이션, 완전탐색)",-
15148,junsong96,알고리즘 스터디 13주차,-
15142,leeunchong,Seg Random Defence,-
15137,smiley07,정올 대비 EASY,-
15133,ga1754,양고리즘 [트리],-
15132,ga1754,양고리즘 [우선순위 큐],-
15122,mindlemin,"4/4, 4/5 스터디 과제",-
15087,ghw0926,내가 볼려고 만든 기업 코테 대비 문제,-
15085,tong0331,C_lang 10조 2주차,-
15080,luminabean,메이플스토리~,-
15077,pumpsnacktv,Let's LOOT our ratings,-
15074,kyun2024,꿀잼문제,-
15071,seoulhyang,Edit Distance,-
15070,seoulhyang,Longest Common Subsequence,-
15067,seoulhyang,Parametric Example,-
15061,junsong96,알고리즘 스터디 1주차,-
15060,junsong96,알고리즘 스터디 2주차,-
15059,junsong96,알고리즘 스터디 3주차,-
15058,junsong96,알고리즘 스터디 4주차,-
15056,junsong96,알고리즘 스터디 7주차,-
15055,junsong96,알고리즘 스터디 8주차,-
15050,110000110101,커리큘럼 4주차,-
15024,tong0331,C_lang 7조 3주차,-
15021,junsong96,알고리즘 스터디 12주차,-
15013,hdsk1234,2주차,-
15009,ga1754,양고리즘 [DP],-
15005,sungku2757,algo_week11,-
14974,msth68,챕터3,-
14963,dlalsdnd2,algo_11week,-
14952,alswnskmj,ㅇ,-
14951,yoonwodyd,해달 기초 부트캠프 ,-
14949,drj9812,map,-
14948,yunny_world,yunny's pick,-
14923,junsong96,알고리즘 스터디 11주차,-
14913,ga1754,양고리즘 [분할 정복 알고리즘],-
14900,201910774,완전탐색 ,-
14899,201910774,그리디,-
14898,201910774,분할정복,-
14897,201910774,이분탐색/삼분탐색,-
14896,201910774,그래프,-
14895,201910774,이런 저런,-
14894,201910774,DP ,-
14893,201910774,입출력,-
14892,110000110101,커리큘럼 3주차,-
14883,lch8910,week3,-
14882,lch8910,week1,-
14875,jms020820,내가 풀어본 금광 세그,-
14849,junsong96,알고리즘 스터디 10주차,-
14818,tkfkdgpdhsl,기초연습문제_array,-
14817,tkfkdgpdhsl,기초연습문제_for,-
14794,110000110101,커리큘럼 2주차,-
14782,tncks097,벽부수고이동하기,-
14772,terrasphere,LOL,-
14768,pizzaroot,Sejong Algorithm Lab 1기 초급반,-
14765,cloudest,DP + 2차원 배열 문제 모음,-
14761,junsong96,알고리즘 스터디 9주차,-
14760,wapas,Output Only 3,-
14757,wapas,Output Only 2,-
14756,wapas,Output Only 1,-
14753,cloudest,복습 필수 문제,-
14749,cloudest,DP와 시퀀스,-
14748,cloudest,완전탐색과 2차원 배열,-
14746,cloudest,2차원 배열 문제 모음,-
14744,107esther,C와 친해지기,-
14720,110000110101,커리큘럼 1주차,-
14701,wjdemsthf,프로그래밍(Python),-
14676,msth68,모발과제,-
14673,ghd8878,씨큐브 KOI 중등부 누적합,-
14672,ghd8878,씨큐브 KOI 중등부 슬라이딩 윈도우,-
14670,ghd8878,"씨큐브 KOI 중등부 큐, 덱",-
14662,kongum,Circular DP ( ~ P3),-
14658,guswns137,씨큐브 문자열기초,-
14649,wjdakstjd123,자구자구생각나,-
14645,h2002y,최소 신장 트리 MST GOLD,-
14643,h2002y,위상 정렬 GOLD,-
14631,pops1915,2023 3월 10일까지,-
14626,scbsoccer,추천 문제 - 우선순위 큐,-
14618,scbsoccer,추천 문제 - 큐,-
14601,wbcho0504,기름파기,-
14569,seochae523,2023_03 정올 모의고사,-
14538,yunny_world,오답노트,-
14527,ychangseok,큐브를 돌려보자,-
14518,kdhc7777,오프라인 쿼리,-
14500,yoonjin67,C언어기초,-
14470,zeen263,기초를 밟아봅시다,-
14459,tncks097,가장긴 증가하는 부분수열,-
14456,bnb2011,JOI 예선 부수기 2,-
14453,acg6138,sw마에 1차,-
14452,kdhc7777,열혈강호,-
14445,do_while,miracom,-
14435,qwertyz,난제,-
14427,minjea917,또 틀리냐 민재야!,-
14415,jong980620,테스트2,-
14408,s_code,추가 클래스,-
14404,seul1219,5조 스터디,-
14401,yunny_world,기하 + 아이디어,-
14397,pank0415,탐색,-
14396,pank0415,정렬 ,-
14369,acg6138,sw 마에 1차 대비,-
14367,guswns137,씨큐브초등부문제집3,-
14361,jong980620,테스트1,-
14351,dlghckd,언젠가 풀기,-
14345,qhfhdls12,SSAFY9-ALS,-
14344,sogur928,A형대비,-
14292,kaorin,이런 문제는 초등학생도 풀 수 있어!,-
14274,heyksw0208,맞춤형 문제집,-
14255,ghd8878,CDAL-S3 w11,-
14249,atrux,knapsack,-
14225,enkeejuniour,서로소 집합(Union Find),-
14222,enkeejuniour,유클리드 호제법,-
14221,enkeejuniour,트라이 (Trie),-
14220,enkeejuniour,인덱스 트리(Index Tree),-
14178,seochae523,CDAL-S3 보강 문제집,-
14162,versatile0010,ThreeStar 下,-
14161,versatile0010,ThreeStar,-
14154,seochae523,2023_02_09 정올 문제풀이반,-
14146,atrux,dijkstra,-
14141,omygod0313,3주차 - 그리디,-
14136,dbrhdwn123,내가만든 문제집,-
14133,saeilee,자료구조 : 배열과 리스트 / 구간합,-
14115,saeilee,2. DP 연습소,-
14103,junsong96,알고리즘 스터디 6주차,-
14102,atrux,hld,-
14083,geolee0484,정올 준비,-
14077,smiley07,전공동아리 중급반 (2/2),-
14076,smiley07,전공동아리 중급반 (1/2),-
14075,smiley07,코딩동아리 초급반 (2/2),-
14074,smiley07,코딩동아리 초급반 (1/2),-
14065,atrux,convex hull trick,-
14050,o9j8w7,유사코 다이아 박살,-
14044,scbsoccer,추천 문제 - 스택,-
14041,yourk,이왜틀,-
14020,thswlals219,다시 시도하기,-
14012,seochae523,2023_02_02 정올 문제풀이반 문제,-
13987,rootcucu,확률론 3,-
13982,jihwan_05,동적 계획법 문제집,-
13966,jungin500,자바기초스터디,-
13950,lightyeon,다시 풀어보고 싶은 문제,-
13947,kongum,Sliding Window  ( ~ P5),-
13945,man_of_learning,검은 돌 Tree DP Optimization,-
13936,pentagon03,오토마타 이론,-
13928,seochae523,그리디 알고리즘 연습,-
13925,seochae523,정보올림피아드 기출_초등부,-
13924,seochae523,정보올림피아드 기출_중등부,-
13922,seochae523,2023_01_26 CDAL-S3,-
13902,bem93,빈담 1/25,-
13896,man_of_learning,맨해튼 거리와 체비셰프 거리,-
13887,omygod0313,2주차 - DP,-
13884,wbcho0504,Persistent Convex Hull Trick,-
13871,atrux,Tree DP,-
13867,zintaho,for dug LV.0,-
13866,lsy0163,"그래프,DFS,BFS",-
13864,awjhappy0115,병맛 TV,-
13850,sseungmn,오답노트,-
13848,rnfrnfrnf1,투포인터,-
13846,guswns137,20230118_정올초급1,-
13845,bem93,빈담 01/18,-
13838,atrux,mo's,-
13813,lsy0163,기초 알고리즘,-
13810,zionhann,PPS - C,-
13809,zionhann,PPS - B,-
13765,shandy5833,USACO Platinum,-
13764,shandy5833,USACO Gold,-
13763,shandy5833,USACO Silver,-
13762,shandy5833,USACO Bronze,-
13756,atrux,segment tree,-
13748,tlsdydaud1,업솔빙 목록 3,-
13743,bem93,빈담 01/11,-
13740,man_of_learning,ALPS 2023 Spring Basic 선수 조건,-
13711,atrux,COCI 난제,-
13710,qodydgk8624,수학 1,-
13691,atrux,MST,-
13689,imcy0104,Bronze 5 ALL SOLVE (2/2),-
13685,kdhc7777,다익스트라,-
13652,j2ssicaalt,도약 3,-
13648,j2ssicaalt,재미있는 문제들,-
13647,atrux,centroid decomposition,-
13642,atrux,금광 세그,-
13633,diavkono,C 배우기,-
13617,dufma5376,코딩코오딩,-
13616,scbsoccer,스택 - 괄호,-
13609,gubshig,재밌는문제,-
13608,colamango,31,-
13606,bem93,빈담 12/28,-
13605,scbsoccer,추천 문제 - 문자열,-
13604,scbsoccer,추천 문제 - 브루트포스,-
13602,scbsoccer,추천 문제 - 수학,-
13600,s_code,추가 문자열,-
13597,zionhann,PPS - A,-
13592,hhs2003,12/25 풀기위해 붙잡고 있는 문제,-
13553,jjujelly,print 연습,-
13538,colamango,30,-
13533,lem0nad3,나중에 풀고 싶은 문제들,-
13527,jh05013,통상적이지 않은 언어 제한,-
13526,dbdnjs9804,solved.ac CLASS 4,-
13520,fftl0785,fftl's - 그래프,-
13519,fftl0785,오답노트,-
13513,scbsoccer,브루트포스 (연습),-
13511,scbsoccer,수학 (기초),-
13505,imshung,다시 풀어볼 문제,-
13504,haramel49,밍뚫,-
13499,dodo090323,올데이 배열,-
13477,colamango,29,-
13475,hyung9571,알고리즘 척척학사들,-
13470,sshs22002,"똑떨즈 (5) - 위상 정렬, 유니온 파인드",-
13469,sshs22002,"똑떨즈 (4) - DP, 누적 합, 그리디 알고리즘",-
13468,sshs22002,똑떨즈 (3) - 트리와 힙,-
13467,sshs22002,"똑떨즈 (2) - 머지 소트, 백트래킹, 그래프 탐색",-
13466,sshs22002,"똑떨즈 (1) - 스택, 큐, 덱",-
13460,itinbangk,유사코 못푼문제,-
13437,kdhc7777,히스토그램,-
13431,heyksw0208,코테용플레티넘,-
13428,colamango,28,-
13427,bem93,빈담 11/30 (2),-
13426,bem93,빈담 11/30,-
13424,insightforward,Do it 알고리즘 코딩테스트 81-90,-
13423,insightforward,Do it 알고리즘 코딩테스트 71-80,-
13420,juwqq1234,hufs coding academy 예선,-
13403,lem0nad3,중요한 건,-
13402,wb998,테스트 문제집,-
13388,coke05288,파이썬  - 01,-
13380,lem0nad3,Rotating Calipers,-
13379,lem0nad3,Monster Hunter,-
13364,bem93,빈담 11/23,-
13363,dlbae9613,트라이 연습문제 (입문/기초),-
13358,gryb809,study - 01 배열,-
13328,kdhc7777,누적합,-
13324,ruddms1522,알고리즘 기초_그래프,-
13323,leesh5000,순열과 조합,-
13322,leesh5000,DP,-
13321,leesh5000,투 포인터,-
13313,leesh5000,슬라이딩 윈도우,-
13287,riverlike14,필수 암기,-
13278,juwqq1234,hufs coding academy final,-
13277,kdhc7777,최장 공통 부분수열 - LCS 문제집,-
13260,juwqq1234,hufs coding academy 3 week,-
13255,koreii,스스로 풀지 못한 문제들-1 (복습용),-
13236,jhnah917,2022 SCCC 가을 고급 강의 과제,-
13235,wesley2003,level test,-
13228,juwqq1234,hufs coding academy 2 week,-
13226,djs100201,A or B,-
13181,sunshine0070,광주4스터디(11월),-
13178,bem93,배샘 C 문법 13 - 별찍기 ,-
13170,gwanwoo3849,동주랑 어디과누 1차시,-
13169,invrtd_h,PIVOT (2022),-
13164,kung0615,강&장_알고리즘스터디,-
13159,h0y301v,god save the queen,-
13158,lsh9672,A형 대비,-
13149,juwqq1234,hufs coding academy 1 week,-
13145,sd12339,간당간당 다이아,-
13123,cgkim449,경우의 수,-
13121,knon0501,코테대비문제집4,-
13118,hongii2,그리디 플래티넘,-
13101,martinok1103,철도 마스터가 되어보자,-
13097,hijkl2e,CP4 Chapter 1.4j-1.6 Kattis,-
13096,hijkl2e,CP4 Chapter 1.4a-1.4i Kattis,-
13062,s_code,추가 2차원 배열,-
13058,wnwoghd22,우려먹기 시리즈 - 행렬 거듭제곱,-
13024,lem0nad3,관찰,-
12963,sb00lgs,jungol.co.kr2,-
12961,djs100201,why flow?,-
12958,pianop,상어 문제집,-
12954,ktjs7252,최단거리,-
12918,redblacktree,수열과 쿼리 ,-
12917,redblacktree,solved.ac CLASS 7 ALL ,-
12915,redblacktree,flow / Bipartite Matching ,-
12899,qhsl1213,소소하게,-
12870,hooya,1장 문제,-
12866,max1495,binary-search,-
12864,max1495,bruteforce,-
12858,rhdqor213,숏코딩4,-
12856,dodoyou,ㅇㅇㅇ,-
12847,index,AOJ-ICPC 1200+,-
12846,index,AOJ-ICPC 1100,-
12845,index,AOJ-ICPC 1000,-
12844,index,AOJ-ICPC 900,-
12843,index,AOJ-ICPC 800,-
12842,index,AOJ-ICPC 700,-
12841,index,AOJ-ICPC 600,-
12839,redblacktree,divide and conquer,-
12838,index,AOJ-ICPC 550,-
12836,index,AOJ-ICPC 500,-
12835,index,AOJ-ICPC 450,-
12816,index,AOJ-ICPC 350,-
12815,index,AOJ-ICPC 300,-
12814,index,AOJ-ICPC 250,-
12813,index,AOJ-ICPC 200,-
12812,index,AOJ-ICPC 150,-
12810,index,AOJ-ICPC 100,-
12756,wjdckfrl55,15. 구간합,-
12737,cordelia357,mtvs3주차,-
12732,hjroh0315,DESTROYER YOON,-
12725,ayjislove2,c++ 알고리즘 스터디,-
12718,ngoaf,수학,-
12714,gs5010,"Week 5 : 스택, 큐",-
12712,kang48450,KAUPC연습,-
12709,stop0ho,week 2 - 2차시 : 재귀,-
12708,stop0ho,자료구조,-
12697,clenet,빠른합격(1),-
12694,lumograph97,프로,-
12687,wjdckfrl55,12. 그래프,-
12681,wlgur1023,사전 유형 DP,-
12674,cologne,추석 랜덤 문제,-
12673,gs5010,Week 2 : 복잡도 계산 문제집,-
12664,y991102,chapter 3. 재귀,-
12660,zetcar54,추석 연휴,-
12659,cubic0915,별 문제집 (1주차),-
12647,herdson,Dynamic Segment Tree / Sparse Segment Tree,-
12644,iansong,1학년 2학기 중간 (파이썬 기초 자료형),-
12628,dongwondavid,테트리스,-
12627,jonghp1128,BFS 연습 문제,-
12604,kaguri,Zeckendorf Arithmetic,-
12601,sunshine0070,광주4스터디(9~10월),-
12596,stop0ho,binary search,-
12595,stop0ho,"그래프(bfs, dfs)",-
12594,stop0ho,알고리즘 기초 문제집 - 3,-
12593,stop0ho,알고리즘 기초 문제집 - 2,-
12580,whdrms5826,내가보려고만든것5,-
12579,whdrms5826,내가보려고만든것4,-
12578,whdrms5826,내가보려고만든것3,-
12577,whdrms5826,내가보려고만든것2,-
12576,whdrms5826,내가보려고만든것1,-
12574,duram21,tmp,-
12564,wjdckfrl55,"11. 큐, 스택",-
12559,knon0501,분할정복2,-
12556,sy9723,조건문과 반복문,-
12535,yunny_world,well-known,-
12532,djs100201,probability + gauss elimination,-
12527,djs100201,좌표축을 돌려보자,-
12506,herdson,PS 갤러리 27632 - 순수 그리디 추천좀요,-
12494,herdson,PS 갤러리 20081 - P4 ~ P3 DP,-
12481,scudeto,초급,-
12465,wjdckfrl55,복잡한 별찍기,-
12464,wjdckfrl55,단순한 별찍기,-
12444,kjy961226,Silver - Data Structure/DP/Brute Force/Graph/Tree,-
12441,herdson,PS 갤러리 27183 - 유니온 파인드,-
12434,20210805,Introduction to Machine Learning,-
12431,empodi,G3,-
12430,empodi,G1G2,-
12422,jiwoo0713,소수 번호 문제,-
12407,dapin1490,아는 형이 프로그래밍 배운대서 만드는 문제집,-
12380,djs100201,O(log n),-
12375,pyblessisu,Python Basic,-
12360,djs100201,이분그래프,-
12359,rhdqor213,숏코딩3,-
12350,nnx,2019~2022 KOI 1차/2차 초등부 1번 문제,-
12349,empodi,Do It Again,-
12340,y_w2700,배열돌리기,-
12317,bem93,배샘 알고리즘 - BFS(가중치),-
12316,bem93,"배샘 알고리즘 - 그래프(행렬, DFS, BFS)",-
12314,rb4279,준비용,-
12295,jh05013,한별이가 그림에 등장하는 문제,-
12288,yopark,웰노운(Well-Known) 초급,-
12286,guswns137,20220805_그리디알고리즘,-
12283,serajang99,정렬,-
12277,hongii2,최종보스,-
12265,popo3176,코테전기본알고문제,-
12235,f0rtywinks,bfs + 비트마스킹 ,-
12222,ktwqwe12,조금 난이도 있는 그리디를 찾는 그대들을 위한 문제집,-
12218,hjroh0315,내가 이벤트동안 푼 문제들,-
12213,bem93,배샘 알고리즘 - Brute Force  순열( Permutation),-
12212,bem93,배샘 알고리즘 - 정렬(Sorting),-
12193,goldapple06,우선순위 큐,-
12191,yujing315,LIS 문제 - 8/1,-
12182,rhdqor213,빙고문제,-
12179,seunggyu,코딩테스트 뿌시기 - 챕터 6 - 이분탐색과 LIS ,-
12178,seunggyu,코딩테스트 뿌시기 - 챕터 5 - 그리디 라인스위핑 투포인터,-
12153,hhs2003,언젠간 풀 것들,-
12152,hhs2003,이거 왜 만들었지,-
12144,herdson,게임 이론 입문,-
12138,chorogchip,정수론,-
12137,s_code,cdoe 함수,-
9370,codeplus,수학,코딩 테스트 준비 - 기초
9371,codeplus,브루트 포스,코딩 테스트 준비 - 기초
9372,codeplus,브루트 포스 - N과 M,코딩 테스트 준비 - 기초
9373,codeplus,브루트 포스 - 재귀,코딩 테스트 준비 - 기초
9374,codeplus,브루트 포스 - 순열,코딩 테스트 준비 - 기초
9375,codeplus,브루트 포스 - 비트마스크,코딩 테스트 준비 - 기초
9376,codeplus,다이나믹 프로그래밍 Part 1,코딩 테스트 준비 - 기초
9377,codeplus,다이나믹 프로그래밍 Part 2,코딩 테스트 준비 - 기초
9378,codeplus,큐와 그래프,코딩 테스트 준비 - 기초
9379,codeplus,BFS,코딩 테스트 준비 - 기초
9380,codeplus,시뮬레이션과 구현,코딩 테스트 준비 - 기초
9381,codeplus,브루트 포스 - 재귀,코딩 테스트 준비 - 연습
9382,codeplus,브루트 포스 - 순열,코딩 테스트 준비 - 연습
9383,codeplus,브루트 포스 - 비트마스크,코딩 테스트 준비 - 연습
9384,codeplus,브루트 포스 - 기타,코딩 테스트 준비 - 연습
9386,codeplus,그래프 알고리즘,코딩 테스트 준비 - 연습
9387,codeplus,BFS 알고리즘,코딩 테스트 준비 - 연습
9388,codeplus,다이나믹 프로그래밍,코딩 테스트 준비 - 연습
9389,codeplus,시뮬레이션과 구현,코딩 테스트 준비 - 연습
9390,codeplus,브루트 포스 Part 1,코딩 테스트 준비 - 문제
9391,codeplus,브루트 포스 Part 2,코딩 테스트 준비 - 문제
9392,codeplus,브루트 포스 Part 3,코딩 테스트 준비 - 문제
9393,codeplus,그래프 알고리즘,코딩 테스트 준비 - 문제
9394,codeplus,BFS 알고리즘,코딩 테스트 준비 - 문제
9395,codeplus,다이나믹 프로그래밍,코딩 테스트 준비 - 문제
9396,codeplus,시뮬레이션과 구현,코딩 테스트 준비 - 문제
3953,codeplus,200 - 자료구조 1,알고리즘 기초 1/2
3954,codeplus,201 - 자료구조 1 (연습),알고리즘 기초 1/2
3955,codeplus,203 - 자료구조 1 (참고),알고리즘 기초 1/2
3956,codeplus,300 - 수학 1,알고리즘 기초 1/2
3957,codeplus,301 - 수학 1 (연습),알고리즘 기초 1/2
3958,codeplus,303 - 수학 1 (참고),알고리즘 기초 1/2
3959,codeplus,400 - 다이나믹 프로그래밍 1,알고리즘 기초 1/2
3960,codeplus,401 - 다이나믹 프로그래밍 1 (연습),알고리즘 기초 1/2
3961,codeplus,402 - 다이나믹 프로그래밍 1 (도전),알고리즘 기초 1/2
3962,codeplus,500 - 브루트 포스,알고리즘 기초 2/2
3963,codeplus,510 - 브루트 포스 (N과 M),알고리즘 기초 2/2
3964,codeplus,520 - 브루트 포스 - 순열,알고리즘 기초 2/2
3965,codeplus,530 - 브루트 포스 - 재귀,알고리즘 기초 2/2
3966,codeplus,540 - 브루트 포스 - 비트마스크,알고리즘 기초 2/2
3967,codeplus,600 - 그래프 1,알고리즘 기초 2/2
3968,codeplus,601 - 그래프 1 (연습),알고리즘 기초 2/2
3969,codeplus,602 - 그래프 1 (도전),알고리즘 기초 2/2
3970,codeplus,610 - BFS,알고리즘 기초 2/2
3971,codeplus,620 - 트리 1,알고리즘 기초 2/2
3972,codeplus,521 - 브루트 포스 - 순열 (연습),알고리즘 중급 1/3
3973,codeplus,531 - 브루트 포스 - 재귀 (연습),알고리즘 중급 1/3
3974,codeplus,533 - 브루트 포스 - 재귀 (참고),알고리즘 중급 1/3
3975,codeplus,541 - 브루트 포스 - 비트마스크 (연습),알고리즘 중급 1/3
3976,codeplus,611 - BFS (연습),알고리즘 중급 1/3
3977,codeplus,710 - 그리디 알고리즘,알고리즘 중급 1/3
3978,codeplus,711 - 그리디 알고리즘 (연습),알고리즘 중급 1/3
3979,codeplus,712 - 그리디 알고리즘 (도전),알고리즘 중급 1/3
3980,codeplus,800 - 분할 정복,알고리즘 중급 1/3
3981,codeplus,801 - 분할 정복 (연습),알고리즘 중급 1/3
3982,codeplus,802 - 분할 정복 (도전),알고리즘 중급 1/3
3983,codeplus,810 - 정렬,알고리즘 중급 1/3
3984,codeplus,820 - 이분 탐색,알고리즘 중급 1/3
3985,codeplus,821 - 이분 탐색 (연습),알고리즘 중급 1/3
3986,codeplus,550 - 브루트 포스 - 문제,알고리즘 중급 2/3
3987,codeplus,551 - 브루트 포스 - 문제 (연습),알고리즘 중급 2/3
3988,codeplus,552 - 브루트 포스 - 문제 (도전),알고리즘 중급 2/3
3989,codeplus,560 - 브루트 포스 - 기타,알고리즘 중급 2/3
3990,codeplus,612 - BFS (연습 2),알고리즘 중급 2/3
3991,codeplus,900 - 자료구조 2,알고리즘 중급 2/3
3992,codeplus,901 - 자료구조 2 (연습),알고리즘 중급 2/3
3993,codeplus,910 - 문자열 알고리즘 1,알고리즘 중급 2/3
3994,codeplus,911 - 문자열 알고리즘 1 (연습),알고리즘 중급 2/3
3995,codeplus,912 - 문자열 알고리즘 1 (도전),알고리즘 중급 2/3
3996,codeplus,1000 - 다이나믹 프로그래밍 2,알고리즘 중급 2/3
3997,codeplus,1001 - 다이나믹 프로그래밍 2 (연습),알고리즘 중급 2/3
3998,codeplus,1002 - 다이나믹 프로그래밍 2 (도전),알고리즘 중급 2/3
3999,codeplus,1100 - 수학 1,알고리즘 중급 2/3
4000,codeplus,1102 - 수학 1 (도전),알고리즘 중급 2/3
4001,codeplus,1103 - 수학 1 (참고),알고리즘 중급 2/3
4002,codeplus,1110 - 기하 알고리즘 1,알고리즘 중급 2/3
4003,codeplus,1200 - 그래프 2,알고리즘 중급 3/3
4004,codeplus,1201 - 그래프 2 (연습),알고리즘 중급 3/3
4005,codeplus,1202 - 그래프 2 (도전),알고리즘 중급 3/3
4006,codeplus,1210 - 트리 2,알고리즘 중급 3/3
4007,codeplus,1211 - 트리 2 (연습),알고리즘 중급 3/3
4008,codeplus,1220 - BFS 2,알고리즘 중급 3/3
4009,codeplus,1230 - 세그먼트 트리,알고리즘 중급 3/3
4010,codeplus,1240 - 펜윅 트리,알고리즘 중급 3/3
4011,codeplus,1300 - 다이나믹 프로그래밍 3,알고리즘 중급 3/3
4012,codeplus,1301 - 다이나믹 프로그래밍 3 (연습),알고리즘 중급 3/3
4013,codeplus,1302 - 다이나믹 프로그래밍 3 (도전),알고리즘 중급 3/3
4621,codeplus,1310 - 조합 게임 1,알고리즘 고급으로 가는 연결고리 1/2
4622,codeplus,1311 - 조합 게임 1 (연습),알고리즘 고급으로 가는 연결고리 1/2
4618,codeplus,1320 - 다이나믹 프로그래밍 4,알고리즘 고급으로 가는 연결고리 1/2
4619,codeplus,1321 - 다이나믹 프로그래밍 4 (연습),알고리즘 고급으로 가는 연결고리 1/2
4620,codeplus,1322 - 다이나믹 프로그래밍 4 (도전),알고리즘 고급으로 가는 연결고리 1/2
4623,codeplus,1500 - 문자열 알고리즘 2,알고리즘 고급으로 가는 연결고리 1/2
4624,codeplus,1501 - 문자열 알고리즘 2 (연습),알고리즘 고급으로 가는 연결고리 1/2
4625,codeplus,1502 - 문자열 알고리즘 2 (도전),알고리즘 고급으로 가는 연결고리 1/2
4626,codeplus,1600 - 세그먼트 트리와 펜윅 트리,알고리즘 고급으로 가는 연결고리 1/2
4627,codeplus,1601 - 세그먼트 트리와 펜윅 트리 (연습),알고리즘 고급으로 가는 연결고리 1/2
4628,codeplus,1602 - 세그먼트 트리와 펜윅 트리 (도전),알고리즘 고급으로 가는 연결고리 1/2
4888,codeplus,1330 - 다이나믹 프로그래밍 5,알고리즘 고급으로 가는 연결고리 2/2
4891,codeplus,1331 - 다이나믹 프로그래밍 5 (연습),알고리즘 고급으로 가는 연결고리 2/2
4893,codeplus,1332 - 다이나믹 프로그래밍 5 (도전),알고리즘 고급으로 가는 연결고리 2/2
4895,codeplus,1610 - 세그먼트 트리와 펜윅 트리 2,알고리즘 고급으로 가는 연결고리 2/2
4899,codeplus,1611 - 세그먼트 트리와 펜윅 트리 2 (연습),알고리즘 고급으로 가는 연결고리 2/2
4900,codeplus,1612 - 세그먼트 트리와 펜윅 트리 2 (도전),알고리즘 고급으로 가는 연결고리 2/2
4901,codeplus,1700 - 네트워크 플로우,알고리즘 고급으로 가는 연결고리 2/2
4902,codeplus,1701 - 네트워크 플로우 (연습),알고리즘 고급으로 가는 연결고리 2/2
4903,codeplus,1710 - 네트워크 플로우 2 (연습),알고리즘 고급으로 가는 연결고리 2/2
4926,codeplus,1720 - 최소 비용 최대 유량,알고리즘 고급으로 가는 연결고리 2/2
4927,codeplus,1721 - 최소 비용 최대 유량 (연습),알고리즘 고급으로 가는 연결고리 2/2
4928,codeplus,1722 - 최소 비용 최대 유량 (도전),알고리즘 고급으로 가는 연결고리 2/2
