user_id,id_to_index
sobu0715,0
ystc1247,1
bgoodsamari,2
sat0317,3
howlism,4
illyamchi,5
whatsup,6
aaaa727,7
djang,8
brent912,9
enopid,10
nohhans,11
leeho203,12
rosdurtls2,13
ibd1229,14
sun4_me,15
sacomex32,16
brother,17
rkdgh98,18
seongside,19
tree0787,20
computerace13,21
corncheese,22
devtaemin,23
stone0327,24
tjdqo0788,25
nagta,26
rohsikdak,27
koyh1200,28
ds257873,29
dudgns1239,30
doit99,31
siosio24,32
kkj3263,33
haram518303,34
van133,35
lsj0822,36
yhs03043,37
hjs12345,38
yoonjong1820,39
yunobo,40
vel1024,41
rhkrqudals,42
apicad0307,43
wnrrhtlvsi43,44
mintyu,45
curihus,46
splguyjr,47
jhs1oo4,48
guhyun9454,49
doonga1406,50
yuseungju,51
lcm5500,52
sunyeong0412,53
akrso06197,54
yuu3730,55
kgu0515,56
wjdgus3608,57
hgsu0806,58
gaeng_02,59
hjy0507,60
arietis,61
younguk10077,62
yongdol503,63
yh9468,64
worl5604,65
dkyou7,66
vonovo123,67
dalae37,68
syw5141,69
mymelody,70
penguin1234,71
qo613,72
riverboy94,73
woo2484,74
Kingsoo,75
rladudqls0302,76
bluejoyq,77
beauboy,78
1000chw,79
linear114,80
qudtjr0409,81
krgreenteabro,82
juwonju,83
altmd99,84
junu_ddi,85
dbwhdtjr0457,86
minhwan514,87
lovewissm,88
dangyee,89
youngju6143,90
nokh9503,91
punchdrunkllov2,92
choah76,93
bo314,94
kms1998,95
cmd1222,96
juna831,97
hanorang2,98
rjsdntlsdj,99
mjoo1106,100
whitesun814,101
heyazoo1007,102
dnzma13,103
yoy07030,104
jw4711,105
yhb457,106
sj_park,107
contail,108
helioty,109
overwindow,110
wish,111
ekaqosoato,112
ttingdol,113
Swote,114
dlsrjsdl6505,115
tks7205,116
lcs11244,117
unhappydogchew,118
wnsdl1659,119
audtjrauddn,120
felicia,121
nailbrainz,122
ty1295,123
pjkov0824,124
kebee95,125
sw0000j,126
bpsswu,127
jwseo001,128
slava,129
rlatmdxo1998,130
kst54252,131
shinhup4743,132
mardi83494,133
emiyuel,134
kani215,135
rlaqjarn1008,136
ehddud2468,137
xvsgxv,138
jujojujoju,139
rhdwnsla1223,140
wjkim9653,141
eu2525,142
love4rg,143
yi9353,144
sajiho,145
epser,146
ckaehd95,147
hjs7747,148
cracker06,149
dldkgus98,150
yjs03057,151
ghdtjdvy7205,152
kmk324,153
oownhi88,154
hwankim123,155
wjdjsy210,156
gmini0320,157
tejavascript,158
ksw9997,159
kimwj9792,160
baekj_c,161
rkdgusxo66,162
ekekekgml,163
sr9166,164
jtj323,165
sundong99,166
qwqw1314,167
pooohding,168
tjddus424,169
minahkim026,170
play2ski,171
jk62362,172
yechan2468,173
ysb8049,174
kbpark9898,175
manatom,176
whdgus4892,177
sky21kr,178
rlfwkd3,179
sju0924,180
jinho1016,181
blacksnake,182
blackapple,183
rlatkddn12,184
cheddar,185
bigmsh,186
seo0408,187
bl5angel,188
jiyeon2536,189
vkdnej91,190
bluehyena123,191
seoyeon1018,192
monica0326,193
firefinger08,194
twotwo28,195
xhae000,196
kdc9619,197
jj5973,198
sh0454,199
euzl,200
trevor522,201
solotache,202
racecar,203
asset,204
dlrbcnvk,205
hackerbv,206
lclgood97,207
belldragon,208
kylej4,209
ghlee9883,210
un4255,211
wnsdud1861,212
imash0728,213
phobyjun,214
cjhoon96,215
thealmightydenver,216
nuvo,217
dodfor,218
tg42672,219
kkd3258,220
jihoonlee199,221
donghar,222
adhoc0909,223
mu08014,224
kjhun1208,225
dhrhkdwn7,226
minjun9282,227
rlaehdwls120,228
dkssud17,229
hms3512,230
sonic247897,231
dannykm,232
bhhh569,233
svcbn,234
dhwns1003,235
spearkkk,236
lhw970405,237
con11235,238
01hyunseo,239
lgs2927,240
eshkim77,241
jin35kkk,242
jmsk1998,243
sjw0592,244
leehakjoo,245
stevem95,246
rlawnstn0904,247
carrie0129,248
willy,249
mingi9391,250
choi5798,251
dodobow,252
evade,253
overnap,254
gyeonga,255
kim031504,256
gksqlsl11,257
kangkh0906,258
train0113,259
mathdong01,260
peter0708,261
jinsub1999,262
paraeism,263
wssj3259,264
rokkyw,265
hsy0324,266
icefalls,267
dldusgkr788,268
2468ab,269
xpsxm468,270
hazxz,271
ywoosang,272
kimh060612,273
hiasince12,274
asdsa2134,275
wjdghks6086,276
kkh115505,277
qjatjr29,278
rosedskim,279
jws970306,280
djigfox,281
sendol,282
tnqls5417,283
ghssh1,284
kmj951015,285
komogoon,286
nova9128,287
ghdthd123,288
rnxogud136,289
ness9917,290
swa07016,291
hithere314,292
world9969,293
infikei,294
thak00,295
dbgusdn012,296
gyuho965,297
zidarn,298
doralife12,299
nlkey2022,300
dlwlrma2003,301
cosmos7,302
journeyji95,303
yeari0,304
jjjeju1202,305
nkmj0623r222,306
kangsanl,307
kth0321,308
zix1124,309
vict0716,310
happyhoo,311
kangtak1101,312
tjddnrla0,313
heokunho0904,314
soo0311,315
kyungmin2579,316
felkas,317
rosa99kim,318
bjh713,319
byeonggukgong,320
wilko97,321
hallelujah,322
sauber92,323
karl0248,324
harryhyunbin,325
imyme01,326
omg0mg,327
grail,328
jso732,329
kdk047812,330
insuesong,331
yang94lol,332
kjune10023,333
dbwogud227,334
tngus2373a,335
hmnit2,336
cacoog,337
nsl0503,338
azprncs77,339
jdk829355,340
soutskyee,341
myyou331,342
hongmin010,343
yesp27,344
vincent_01,345
jaesangyu1222,346
bjy557,347
sidewinder91,348
ahnbang99,349
gusrl4025,350
gudwns4985,351
aweek43,352
seonwoo94,353
polapo,354
abgkf6,355
cig1118,356
greendiary,357
sikso1892,358
jhy0412,359
moonhy7,360
labypuzzle,361
zeehyo2216,362
dew,363
ghlim,364
lyj7339,365
jeongmh09,366
mearteci,367
shfo5236,368
bboglbbogl,369
ddaguejo0,370
gykwak03,371
khekgus12,372
jiha0419,373
msg1ife,374
shw2662,375
msh0614,376
siemprellegatarde,377
fogud720,378
ksh7894,379
yic112,380
lyh2315,381
jh011007,382
lu_mato,383
shindj1219,384
kong3047,385
wse0118,386
shark9988,387
eunhwa10216,388
rlatjgus98,389
ehdakvvv,390
manapie,391
dbqls3303,392
photogrammer,393
chj3123,394
blinew,395
chanjin4099,396
leejaehyuck9,397
ket098,398
lwi2765,399
wowo95,400
tjrwls529,401
abc4571998,402
shdream0718,403
yesmuki,404
lignahc,405
algml9538,406
handong,407
dnflwlq145,408
yoonbal0406,409
leesy0159,410
woos9804,411
hjkang0107,412
sjaiz1717,413
sbpark0630,414
piosj,415
david5230,416
vita420,417
soojin2651,418
atomphysik,419
qud9783,420
hgk0501,421
xpxmfk0204,422
centurion153,423
secondau97,424
ideun12,425
tlasy2205,426
jhjblck03,427
whdwnfl,428
tttkhs,429
waizzz61,430
haddol7,431
heen_a,432
sena1124,433
platoon07,434
jerrybeomsoo,435
mathcoding,436
taekue1995,437
yawayo,438
hjw5167,439
juventa23,440
wg1997,441
mrchoijk,442
kminseo,443
exopas,444
kwanwoo1201,445
cvvc1997,446
jftj917,447
gusn0905,448
whgurrbs94,449
aapl316,450
ubinyong,451
ajin,452
tuttomaker,453
rlathgus2621,454
wkshwk,455
tlsgur0427,456
2400emrkwk,457
minniemisox,458
joo2331,459
dudckskr,460
seak10,461
gmlwns9050,462
leesj2570,463
ryj8075,464
kdj001106,465
98wodnd,466
guddn3035,467
96bluechip,468
earth01113,469
lke8186,470
jsk_0413,471
minjake1,472
dslew11,473
wns8128,474
junmoo1212,475
coma233,476
jeongyunpark0115,477
ziin_aa,478
jllgame00,479
laserpower,480
wjdwlsrbs77,481
alsdn2530,482
shshs0328,483
dmswll97,484
pealobell,485
hwangbodk,486
ooppa24,487
dmml2005,488
chunjin1212,489
gr8,490
qqpp109,491
piru,492
jhi2359,493
linear14,494
lbeul372,495
alswo0300,496
vincent131,497
gurwp02,498
gywns03,499
khcho0907,500
mangogo6,501
zinrokh,502
shl961,503
j20210310,504
jackezi,505
sjyoon55,506
theia17,507
tksdnl,508
hoonly01,509
aucch,510
tlgud2000,511
nagi0101,512
codmo12,513
jbh030312,514
lead788,515
audtmd3512,516
ha001211,517
kmh8667,518
jaewonheo1101,519
juho000111,520
thlee94,521
kjh0156,522
simy1025,523
asdg0312,524
lets0813,525
yulim9926,526
opop9630,527
wlgur0604,528
iswv2,529
rlaehdgns28,530
moons0927,531
blackponge,532
epi3706,533
maycho0305,534
torihome1,535
rkdxodn96,536
hoyoon9623,537
jason5720,538
chldlsel,539
wkddpdnjs99,540
lmhapy25,541
hyeokseung1208,542
2018102210,543
iju825,544
alstkd0328,545
2support,546
sjo010424,547
curieyoon,548
haramjeong,549
jjh991111,550
kkangjeong,551
godofkim,552
hobakgogooma,553
pcium,554
newbie_123,555
dlehdcks9s,556
kcjin1223,557
dlstjd5131,558
optimushwang,559
allen0114,560
bobae080328,561
niceesy,562
kame25,563
rlaxo0511,564
markwalker,565
rkdrlqhd,566
kash0718,567
nilx21,568
tskim0808,569
kimhjsky,570
soda33,571
riny0829,572
nsmkung,573
bg5052,574
ilovejava,575
ohhyogeun,576
jihoonbb,577
linear4,578
jsh991124,579
leesu815,580
ceres,581
bindle1112,582
fightingguy,583
robinkim,584
gyeongje,585
cloud9,586
minjaehere,587
magichjk,588
hsyoun2222,589
slothpoetry,590
rlatkdgns042,591
ohkwang1234,592
wmfrjdna630,593
sally78910,594
opical68,595
esot3ria,596
toby2006,597
psh12oha,598
greenrain,599
yunk96,600
dongjooyun,601
mcladinz,602
cdjoo88,603
aphrodite31135,604
co22oc,605
uisuikuim_dny,606
0503kng,607
haedam19,608
dndn1544,609
anytime0222,610
doubleseat,611
seanbean054,612
hoon3077,613
boombaya18,614
laby,615
ella2002,616
knj9417,617
h33yy4,618
kevinc02,619
jekim0725,620
epistememe,621
hch2454,622
lo3ol95,623
limjh914,624
2042255,625
hiyayeah,626
mino4408,627
han20han,628
mia521512,629
cer,630
realuda,631
qdqazwsx,632
jiho9487,633
sungzin1,634
jeonse3875,635
dbrwogud46,636
mechaminu,637
khuwoo,638
achoistic98,639
chanbab144,640
qkr580918,641
firstjiho,642
doowon2415,643
jjinini,644
ksh0110,645
bluelemon,646
danb8174,647
agnesepark,648
rame0904,649
ys211782,650
sesbgb,651
myeongservices,652
yedam628,653
maria1746,654
tkddud386,655
rlaalswo12,656
kkuuki,657
owl0614,658
yhm1620,659
junha0109,660
ash2970,661
ahoya03,662
ansdbfl,663
jihyuni52,664
cheiron1103,665
khugida,666
mmojjin2,667
quarlz1,668
iampbk,669
eow0324,670
jenny227,671
dm3303,672
kgf7740,673
poabc1472,674
sayluv,675
utahirovin,676
vlfdus0401,677
4924ljh,678
qjawns517,679
jessest,680
zxc6125,681
hanny0728,682
kang1075,683
nenen2ya,684
yujin010917,685
soyeong,686
iriskyh88,687
q8623834,688
ysg2997,689
apricot_flower,690
davekee,691
baekhover123,692
djdjdddd,693
c970316,694
chansol814,695
ksyummy,696
whalswl97,697
wsxqaz2190,698
surt321,699
ydh1214,700
junsu47,701
gkj8963,702
vnsltdl0152,703
kms1003,704
qudgks7946,705
oiss427,706
kyaoh,707
shfkfk179,708
fgfp1995,709
haru2maru,710
nobelh,711
sms0531,712
wwhy28,713
yoyo4432,714
chleh99,715
dlwhdtor,716
fr3ky,717
jjh1304444,718
kswoo3030,719
onthestage95,720
robin_maki,721
aksen1913,722
che1537,723
dnl123123,724
eyh4622,725
greencode99,726
kimmmmdong,727
leegyurin1216,728
a_honey,729
lmc2151,730
wo55ow,731
yjy980425,732
imeugene,733
maeil_code,734
sdin,735
voca7100,736
wpdnakstp,737
starboy0402,738
choms0209,739
h2zxn,740
psypark103,741
lloufythan0717,742
jae_hooni,743
dpqls7702,744
jhoon0823,745
juny0814,746
bacon_jam,747
lees8351,748
lsw0833,749
vkdls754,750
jiko79,751
cstandard,752
zzamdoly,753
syk6715,754
morion002,755
j2on,756
leedominico,757
zoonie,758
ssumssum,759
dhrtnqls0535,760
millen98,761
basher,762
shi1252,763
luckydipper,764
junjjang2,765
danmin20,766
uknowimtheone,767
ssol2906,768
jekk,769
flowerlsh0118,770
hws0120,771
sea1hee,772
entjq9502,773
hjj2712,774
kdw240,775
serahhy,776
namil0721,777
jj6363,778
zkdvnd,779
satuboy,780
tjdwns0714,781
intkr,782
sum9611,783
7497aaaa,784
leedw808,785
wlgnssg,786
sunwupark,787
hand32,788
asd8500,789
kim1023123,790
jhcha08,791
grreen07,792
ghj6282,793
sta0600,794
jyng2227,795
skgndi12,796
taeung2008,797
swhan9404,798
shin710313,799
alsghrla95,800
wjddns5454,801
itoodo12,802
orcafrog,803
ghd4567,804
namesace,805
kdg1683,806
velpegor,807
ymhwang119,808
andrew2012,809
hwook956,810
daisyjeon,811
honey333888,812
toror33,813
miz722,814
dmis,815
ikju2000,816
mathmjseo,817
qkfvpd96,818
jchlwogur,819
wldnjsl2001,820
craw_ling,821
happiness0110,822
skawndndhk,823
joyw93,824
deepmi,825
cjy8922,826
franz96,827
whattashi,828
da3107,829
yoongja_ya,830
pimang62,831
rye,832
lastcom1,833
beom0202,834
juanjh60,835
cj7604,836
good1588,837
nontoperf,838
wjlee0908,839
7381pp,840
vlvkrhksgml0902,841
leti,842
doolyabs,843
dudrlf1859,844
wndlswo12,845
mifa031,846
minseong6284,847
seonghyuk,848
cqe9933,849
ugly2003,850
muzy06038,851
narnarr,852
gywk1055,853
rnsjtm0811,854
codpot,855
dhk1349,856
skatngus1020,857
sjh17,858
sst,859
nowniz93,860
woojinhwang,861
playjnj,862
architekt041,863
devdokdo,864
wnsgud567,865
hyungzin0309,866
n1mb0606,867
tmdxor01,868
fkrlsp2,869
taemin4u,870
rlgns0705,871
fcaphs,872
kugorang,873
cjswotl6274,874
tokyo9pm,875
lhy0530,876
uss0302,877
sail,878
ghkdlxld314,879
chuublossom,880
himchan02,881
shani03,882
ch3044637,883
rlagusrl0828,884
gabibing,885
akrap,886
yjo98,887
yohan2001,888
moon115599,889
gunsbrother,890
swan518,891
lyhjt,892
qkrdbals1630,893
herrtane,894
rook1e,895
mhkang94,896
thesy0207,897
kimek12,898
solrani72,899
leebang54,900
wlghksx,901
fheldgktpdy,902
ababwjdgusdk,903
ljs1015,904
dpel99959,905
dhyeok1996,906
lukehui,907
1228gkfbf,908
jjh7632016,909
xoox1109,910
highhigh,911
givesi02,912
park_csu,913
hwannam,914
hizibu5,915
echo0971,916
komg00,917
dlfxor0329,918
noreva960,919
dnwjdtn21,920
kodogyu,921
lyy5825,922
aabbc0908,923
jde429,924
myson1030,925
osy0056,926
qwerty987,927
02dumartin,928
qaz3699,929
reallystars,930
wnsgur6311,931
hugeman,932
yujin0124,933
shintom,934
ranazang,935
sodurm,936
zacquisha130,937
kyb97914,938
sozerodev,939
mina0220,940
thisisnotuserjusttestcase,941
crash1522,942
asht05166,943
divnf,944
znfma1,945
yerin26,946
